product,signal,label,label_basis,year,q_start,quarter_label
Alli),Rectal bleeding,음성,mixed_reviewed,2008,April,April - June 2008
Aripiprazole (Abilify),"Torsades de pointes, hepatotoxicity, and blood dyscrasias",음성,pure_noaction,2008,April,April - June 2008
Etravirine (Intelence),Neuropsychiatric events,음성,pure_noaction,2008,April,April - June 2008
Fluoroquinolone antibiotics,Central nervous system events,음성,mixed_reviewed,2008,April,April - June 2008
"Furosemide (Lasix), Torsemide (Demadex), Spironolactone (Aldactone)",Serious skin reactions,양성,mixed_reviewed,2008,April,April - June 2008
Leukotriene receptor antagonists,Suicidal behavior and suicide,양성,trunc_verified,2008,April,April - June 2008
Levonorgestrel (Plan B),Syncope and loss of consciousness,음성,pure_noaction,2008,April,April - June 2008
Orlistat (Xenical,Rectal bleeding,양성,mixed_reviewed,2008,April,April - June 2008
Phenylephrine HCl Injection,Labeling confusion resulting in incorrect dose and overdose,음성,pure_noaction,2008,April,April - June 2008
Propafenone (Rythmol),Hepatotoxicity,음성,pure_noaction,2008,April,April - June 2008
Simvastatin (Zocor) and Amiodarone (Cordarone),Interaction resulting in rhabdomyolysis,양성,mixed_reviewed,2008,April,April - June 2008
Sulfonylurea antidiabetic drugs,Hemolytic anemia in patients with and without G6PD deficiency,양성,mixed_reviewed,2008,April,April - June 2008
Temsirolimus (Torisel),Labeling confusion resulting in incorrect dose,양성,pure_update,2008,April,April - June 2008
Trazodone,Prolongation of the electrocardiogram QT interval,양성,mixed_reviewed,2008,April,April - June 2008
Valsartan (Diovan),Hemolytic anemia,음성,pure_noaction,2008,April,April - June 2008
Arginine Hydrochloride Injection (R-Gene 10),Pediatric overdose due to labeling / packaging confusion,음성,pure_noaction,2008,January,January - March 2008
Desflurane (Suprane),Cardiac arrest,보류,oldformat_reviewed,2008,January,January - March 2008
Duloxetine (Cymbalta),Urinary retention,양성,oldformat_reviewed,2008,January,January - March 2008
Etravirine (Intelence),Hemarthrosis,음성,pure_noaction,2008,January,January - March 2008
Fluorouracil Cream (Carac) and Ketoconazole Cream (Kuric),Adverse events due to name confusion,보류,oldformat_reviewed,2008,January,January - March 2008
Heparin,Anaphylactic-type reactions,보류,oldformat_reviewed,2008,January,January - March 2008
Icodextrin (Extraneal),Hypoglycemia,양성,trunc_verified,2008,January,January - March 2008
Insulin U-500 (Humulin R),Dosing confusion,양성,trunc_verified,2008,January,January - March 2008
Ivermectin (Stromectol) and Warfarin,Drug interaction,양성,oldformat_reviewed,2008,January,January - March 2008
Lapatinib (Tykerb),Hepatotoxicity,양성,pure_update,2008,January,January - March 2008
Lenalidomide (Revlimid),Stevens Johnson Syndrome,양성,oldformat_reviewed,2008,January,January - March 2008
Long-Action Opioid Drug Products,"Drug misuse, abuse and overdose",양성,oldformat_reviewed,2008,January,January - March 2008
Natalizumab (Tysabri),Skin melanomas,음성,pure_noaction,2008,January,January - March 2008
Nitroglycerin (Nitrostat),Overdose due to labeling confusion,양성,pure_update,2008,January,January - March 2008
Octreotide Acetate (Sandostatin injection),Ileus,양성,pure_update,2008,January,January - March 2008
Perflutren Lipid Microsphere (Definity),Cardiopulmonary reactions,양성,trunc_verified,2008,January,January - March 2008
Phenytoin Injection (Dilantin),Purple Glove Syndrome,양성,pure_update,2008,January,January - March 2008
Quetiapine (Seroquel),Overdose due to sample pack labeling confusion,음성,oldformat_reviewed,2008,January,January - March 2008
Telbivudine (Tyzeka),Peripheral neuropathy,양성,oldformat_reviewed,2008,January,January - March 2008
Tumor Necrosis Factor (TNF) Blockers,Cancers in children and young adults,양성,trunc_verified,2008,January,January - March 2008
Bupivacaine and other local anesthetics intraarticular injection given by infusion pump,Chondrolysis,양성,trunc_verified,2008,July,July - September 2008
Codeine-containing cough medicine,Adverse events in children,음성,pure_noaction,2008,July,July - September 2008
Mefloquine HCl (Lariam),Psychiatric events,음성,pure_noaction,2008,July,July - September 2008
Minocycline,Thyroid disorders,양성,pure_update,2008,July,July - September 2008
Oral bisphosphonates,Esophageal cancer,음성,pure_noaction,2008,July,July - September 2008
Phenytoin injection,Cardiac arrest due to rapid injection,음성,pure_noaction,2008,July,July - September 2008
Propylthiouracil and Methimazole,Hepatotoxicity,양성,trunc_verified,2008,July,July - September 2008
Selective serotonin and selective norepinephrine reuptake Inhibitors (SSRI and SNRI) antidepressants,Birth defects,음성,pure_noaction,2008,July,July - September 2008
Terbinafine (Lamisil) oral use,Psychiatric events,양성,trunc_verified,2008,July,July - September 2008
Alli),Hepatotoxicity,양성,trunc_verified,2008,October,October - December 2008
Apomorphine (Apokyn),Psychiatric events,양성,pure_update,2008,October,October - December 2008
Artiss),Air embolism,양성,trunc_verified,2008,October,October - December 2008
Clomiphene citrate (Clomid),Visual disorders,양성,pure_update,2008,October,October - December 2008
Clozapine orally disintegrating tablet (FazaClo),Deaths,음성,pure_noaction,2008,October,October - December 2008
Drospirenone/ethinyl estradiol (Yasmin),Pancreatitis,양성,pure_update,2008,October,October - December 2008
Efavirenz (Sustiva),Birth defects involving the eye and face,양성,trunc_verified,2008,October,October - December 2008
"Fibrin sealant products, human (Evicel",Air embolism,양성,trunc_verified,2008,October,October - December 2008
Human chorionic gonadotropin productsChoriogonadotropin alfa (Ovidrel)Chorionic gonadotropin(Pregnyl),Anaphylactic reactions,양성,trunc_verified,2008,October,October - December 2008
Hydrochlorothiazide in combination products,Skin reaction,양성,mixed_reviewed,2008,October,October - December 2008
Imiquimod cream (Aldara),Dysuria due to severe local reactions during use in the genital area,보류,oldformat_reviewed,2008,October,October - December 2008
Modafinil (Provigil) and Armodafinil (Nuvigil),Serious skin reactions,양성,oldformat_reviewed,2008,October,October - December 2008
Muscarinic Receptor Antagonists,Angioedema and other allergic reactions,양성,mixed_reviewed,2008,October,October - December 2008
Orlistat (Xenical,Hepatotoxicity,양성,trunc_verified,2008,October,October - December 2008
Polyethylene glycol oral laxative (various trade names),Neuropsychiatric events,음성,pure_noaction,2008,October,October - December 2008
Raltegravir (Isentress),Psychiatric events,양성,pure_update,2008,October,October - December 2008
Selegiline (Emsam),Hypertension,음성,pure_noaction,2008,October,October - December 2008
Sumatriptan/naproxen (Treximet),Myocardial infarction,음성,mixed_reviewed,2008,October,October - December 2008
Testim),Adverse events from accidental exposure,양성,trunc_verified,2008,October,October - December 2008
Testosterone gel (Androgel,Adverse events from accidental exposure,양성,trunc_verified,2008,October,October - December 2008
Tisseel,Air embolism,양성,trunc_verified,2008,October,October - December 2008
Tolterodine tartrate (Detrol),Stevens-Johnson syndrome,음성,pure_noaction,2008,October,October - December 2008
Varenicline (Chantix),"Angioedema, serious skin reactions, visual impairment, accidental injury",양성,pure_update,2008,October,October - December 2008
Aliskiren (Tekturna,Angioedema requiring intubation,양성,trunc_verified,2009,April,April - June 2009
Antipsychotics,Agranulocytosis,양성,pure_update,2009,April,April - June 2009
Bumetanide (Bumex),"Serious skin reactions (Stevens-Johnson Syndrome, Toxic epidermal necrosis)",양성,pure_update,2009,April,April - June 2009
Cisplatin (Platinol),Leukoencephalopathy,음성,pure_noaction,2009,April,April - June 2009
Deferasirox (Exjade),Deaths,양성,trunc_verified,2009,April,April - June 2009
Gabapentin (Neurontin),Drug Reaction with Eosinophilia and Systemic Symptoms (DRESS),양성,pure_update,2009,April,April - June 2009
Imatinib mesylate (Gleevec),Hearing disorders and hearing loss,음성,pure_noaction,2009,April,April - June 2009
Immunosuppressants (transplant),BK virus nephropathy,양성,oldformat_reviewed,2009,April,April - June 2009
Natalizumab (Tysabri),Herpes viral infections,음성,pure_noaction,2009,April,April - June 2009
Natalizumab (Tysabri),Pericarditis,음성,pure_noaction,2009,April,April - June 2009
Oseltamivir phosphate (Tamiflu),Hypothermia,양성,pure_update,2009,April,April - June 2009
Riluzole (Rilutek),Interstitial lung disease,양성,pure_update,2009,April,April - June 2009
Simvastatin (Zocor) and Diltiazem (Cardizem),Myopathy due to drug interaction,양성,trunc_verified,2009,April,April - June 2009
Tekturna HCT),Angioedema requiring intubation,양성,trunc_verified,2009,April,April - June 2009
Ticlopidine,Disseminated intravascular coagulopathy,음성,pure_noaction,2009,April,April - June 2009
Alpha interferon products,Pulmonary Hypertension,양성,oldformat_reviewed,2009,January,January - March 2009
Ceftriaxone (Rocephin),Hemolytic anemia,양성,oldformat_reviewed,2009,January,January - March 2009
Diclofenac epolamine patch (Flector),Hypersensitivity reactions,양성,pure_update,2009,January,January - March 2009
Didanosine (Videx),Portal hypertension,양성,pure_update,2009,January,January - March 2009
Entacapone (Comtan) and carbidopa/levodopa/entacapone (Stalevo),Colitis,양성,pure_update,2009,January,January - March 2009
Gadolinium-based contrast agents,Anaphylaxis,양성,trunc_verified,2009,January,January - March 2009
Iplex),Hypersensitivity reactions,양성,trunc_verified,2009,January,January - March 2009
Mecasermin products (Increlex,Hypersensitivity reactions,양성,trunc_verified,2009,January,January - March 2009
Methylnaltrexone (Relistor),Gastrointestinal perforation,양성,pure_update,2009,January,January - March 2009
Minocycline products(Minocin)(Solodyn),"Autoimmune disorders in pediatric patients, Drug Reaction with Eosinophilia and Systemic Symptoms (DRESS)",양성,trunc_verified,2009,January,January - March 2009
Promethazine injection,Severe tissue injury including gangrene,양성,pure_update,2009,January,January - March 2009
Sunitinib (Sutent),Liver failure,양성,oldformat_reviewed,2009,January,January - March 2009
Tenofovir (Viread),Safety during pregnancy,음성,pure_noaction,2009,January,January - March 2009
Zoledronic acid (Reclast),Renal impairment,양성,oldformat_reviewed,2009,January,January - March 2009
Alvimopan (Entereg),Gastrointestinal perforation,양성,oldformat_reviewed,2009,July,July - September 2009
Angiotensin-converting enzyme (ACE) inhibitors,Angioedema (requiring intubation),음성,pure_noaction,2009,July,July - September 2009
Bendamustine (Treanda),Infusion site extravasation,양성,pure_update,2009,July,July - September 2009
Dexlansoprazole (Kapidex),Name confusion with Casodex,양성,oldformat_reviewed,2009,July,July - September 2009
Doripenem (Doribax),"Seizure events, Hepatic events, Thrombocytopenia, Serious skin reactions",음성,pure_noaction,2009,July,July - September 2009
Enoxaparin (Lovenox),"Catheter thrombosis, Splenic rupture",음성,pure_noaction,2009,July,July - September 2009
HMG-CoA reductase inhibitors “Statins”,Cognitive effects,양성,pure_update,2009,July,July - September 2009
Lamotrigine (Lamictal),"Central nervous system infection, Aseptic meningitis",양성,pure_update,2009,July,July - September 2009
Neuromuscular Blocking Agents,Anaphylactic reactions and potential for cross-reactivity,양성,trunc_verified,2009,July,July - September 2009
Sirolimus (Rapamune),Progressive multifocal leukoencephalopathy (PML),양성,oldformat_reviewed,2009,July,July - September 2009
Tumor Necrosis Factor (TNF) Blockers,Demyelinating neuropathy,양성,trunc_verified,2009,July,July - September 2009
Zonisamide (Zonegran),"Rhabdomyolysis, Pancreatitis",양성,pure_update,2009,July,July - September 2009
5-alpha reductase inhibitors Dutasteride,Male breast cancer,양성,mixed_reviewed,2009,October,October - December 2009
Clozapine (Clozaril,Hepatotoxicity,양성,pure_update,2009,October,October - December 2009
Corticosteroids (depot formulations),Serious neurologic events with epidural use,양성,trunc_verified,2009,October,October - December 2009
Fazaclo),Hepatotoxicity,양성,pure_update,2009,October,October - December 2009
Finasteride (Avodart,Male breast cancer,음성,mixed_reviewed,2009,October,October - December 2009
Ixabepilone (Ixempra Kit),Radiation recall,양성,pure_update,2009,October,October - December 2009
Leuprolide acetate (Lupron Depot),"Osteopenia, Thyroid gland disorder",양성,mixed_reviewed,2009,October,October - December 2009
Lopinavir and ritonavir (Kaletra),Hepatotoxicity with post-exposure prophylaxis (PEP) regimens,양성,oldformat_reviewed,2009,October,October - December 2009
Propecia,Male breast cancer,양성,mixed_reviewed,2009,October,October - December 2009
Proscar),Male breast cancer,양성,mixed_reviewed,2009,October,October - December 2009
Rasburicase (Elitek),Prolonged QT Syndrome,음성,pure_noaction,2009,October,October - December 2009
Clindamycin injection (Cleocin),Overdose due to labeling confusion/medication errors,양성,pure_update,2010,April,April - June 2010
Doxycycline products,"Stevens Johnson Syndrome, Toxic Epidermal Necrolysis, Erythema Multiforme",양성,trunc_verified,2010,April,April - June 2010
Dronedarone hydrochloride (Multaq),Torsade de Pointes,음성,pure_noaction,2010,April,April - June 2010
Etonogestrel implant (Implanon,Convulsions,양성,trunc_verified,2010,April,April - June 2010
Everolimus (Afinitor),Hepatitis B reactivation,양성,pure_update,2010,April,April - June 2010
Febuxostat (Uloric),Hypersensitivity,양성,pure_update,2010,April,April - June 2010
Ferumoxytol injection (Feraheme),Serious cardiac disorders,양성,pure_update,2010,April,April - June 2010
GnRH Agonists (Androgen Deprivation Therapy),"Hyperinsulinemia, Arterial thrombosis",양성,trunc_verified,2010,April,April - June 2010
Lanthanum carbonate (Fosrenol),Intestinal obstruction,양성,pure_update,2010,April,April - June 2010
Nexplanon),Convulsions,양성,trunc_verified,2010,April,April - June 2010
Proton Pump Inhibitors (PPIs),Hypomagnesemia,양성,pure_update,2010,April,April - June 2010
Saquinavir mesylate (Invirase),Prolonged QT and PR Syndromes,양성,trunc_verified,2010,April,April - June 2010
Simvastatin (Zocor),Muscle injury with 80mg dose,양성,trunc_verified,2010,April,April - June 2010
Tapentadol hydrochloride (Nucynta),"Convulsions, Hallucinations, Serotonin syndrome",양성,pure_update,2010,April,April - June 2010
Trastuzumab (Herceptin),Neonatal pulmonary hypoplasia,양성,oldformat_reviewed,2010,April,April - June 2010
Azacitidine (Vidaza),Acute febrile neutrophilic dermatosis (Sweet’s syndrome),양성,pure_update,2010,January,January - March 2010
Azithromycin (Zithromax),Liver failure,양성,pure_update,2010,January,January - March 2010
Azithromycin extended release 2 g (Zmax),Pyloric stenosis,양성,pure_update,2010,January,January - March 2010
Berinert),Thromboembolic events in patients with certain thrombogenic risk factors,양성,trunc_verified,2010,January,January - March 2010
C1 esterase inhibitors (Cinryze,Thromboembolic events in patients with certain thrombogenic risk factors,양성,trunc_verified,2010,January,January - March 2010
Clarithromycin (Biaxin),Liver failure,양성,pure_update,2010,January,January - March 2010
Daptomycin (Cubicin),"Pulmonary eosinophilia, Eosinophilic pneumonia",양성,pure_update,2010,January,January - March 2010
Dronedarone hydrochloride (Multaq),Heart failure,양성,pure_update,2010,January,January - March 2010
"Estrogens, conjugated (Premarin)",Angioedema,양성,trunc_verified,2010,January,January - March 2010
Modafinil (Provigil),Convulsion,보류,pending,2010,January,January - March 2010
Prasugrel hydrochloride (Effient),Thrombotic thrombocytopenic purpura,양성,pure_update,2010,January,January - March 2010
Ranolazine (Ranexa),Torsades de Pointes,음성,pure_noaction,2010,January,January - March 2010
Sodium oxybate (Xyrem),Convulsion,음성,mixed_reviewed,2010,January,January - March 2010
Temsirolimus (Torisel),Infusion site extravasation,양성,pure_update,2010,January,January - March 2010
Benzonatate (Tessalon),Death from accidental ingestion in children,양성,pure_update,2010,July,July - September 2010
Dronedarone hydrochloride (Multaq),Drug interaction with warfarin (Increased anticoagulant effect),양성,pure_update,2010,July,July - September 2010
Epoetin alfa (Epogen/Procrit),Possible contamination with glass lamellae,음성,pure_noaction,2010,July,July - September 2010
Gemcitabine hydrochloride (Gemzar),Veno-occlusive liver disease,양성,pure_update,2010,July,July - September 2010
Lanreotide acetate (Somatuline depot),"Pancreatitis, Hemorrhagic and Necrotizing Pancreatitis",양성,pure_update,2010,July,July - September 2010
Lanthanum carbonate (Fosrenol),"Swallowing complications, GI obstruction (attributed to tablet hardness)",양성,pure_update,2010,July,July - September 2010
Levetiracetam (Keppra),"Stevens-Johnson’s Syndrome, Toxic Epidermal Necrolysis",양성,pure_update,2010,July,July - September 2010
Lithium citrate,Brugada Syndrome,양성,pure_update,2010,July,July - September 2010
Lopinavir/Ritonavir oral solution (Kaletra),Serious adverse events in neonates,양성,trunc_verified,2010,July,July - September 2010
"Octagam 5%, Immune Globulin Intravenous (Human)",Thromboembolic adverse events,양성,trunc_verified,2010,July,July - September 2010
Pioglitazone HCl (Actos),Rhabdomyolysis,음성,pure_noaction,2010,July,July - September 2010
Ranolazine (Ranexa),Drug interaction with statins (Rhabdomyolysis),양성,pure_update,2010,July,July - September 2010
Sodium oxybate (Xyrem),Death,양성,mixed_reviewed,2010,July,July - September 2010
Asenapine maleate (Saphris),Hypersensitivity,양성,pure_update,2010,October,October - December 2010
Dronedarone HCl (Multaq),Liver failure,양성,pure_update,2010,October,October - December 2010
Fenofibrate products,Paradoxical decrease in HDL cholesterol,양성,trunc_verified,2010,October,October - December 2010
Golimumab (Simponi),Hypersensitivity reactions and anaphylaxis,양성,pure_update,2010,October,October - December 2010
Ibuprofen lysine (Neoprofen),Serious skin reactions (in pediatric patients),음성,pure_noaction,2010,October,October - December 2010
Morphine sulfate,Withdrawal symptoms (not associated with misuse),음성,pure_noaction,2010,October,October - December 2010
Naltrexone HCl (Embeda),Withdrawal symptoms (not associated with misuse),음성,pure_noaction,2010,October,October - December 2010
Oxycodone HCl controlled-release tablets (Oxycontin) [new formulation],Choking and gastrointestinal obstruction,양성,pure_update,2010,October,October - December 2010
Regadenoson (Lexiscan),QT prolongation,양성,pure_update,2010,October,October - December 2010
Sevelamer HCl (Renagel),Choking (esophageal obstruction),양성,pure_update,2010,October,October - December 2010
Anagrelide HCl (Agrylin) and Aspirin,Drug interaction resulting in hemorrhagic events,양성,pure_update,2011,April,April - June 2011
Asenapine maleate (Saphris),"Oral blistering, Oral ulceration, Oral erosion",양성,pure_update,2011,April,April - June 2011
Bevacizumab (Avastin),Osteonecrosis of jaw,양성,pure_update,2011,April,April - June 2011
Colistimethate sodium for injection,Deaths due to dosing confusion and medication errors,양성,pure_update,2011,April,April - June 2011
Dronedarone HCl (Multaq),Pulmonary toxicity,양성,pure_update,2011,April,April - June 2011
Everolimus (Afinitor,"Acute and chronic pancreatitis, Gallbladder disorder",양성,pure_update,2011,April,April - June 2011
Methotrexate sodium and Proton pump inhibitors,Drug interaction resulting in decreased elimination of methotrexate,양성,trunc_verified,2011,April,April - June 2011
Muscarinic receptor antagonist products,Somnolence,양성,trunc_verified,2011,April,April - June 2011
Sodium ferric gluconate complex (Ferrlecit),Anaphylactic reactions,양성,pure_update,2011,April,April - June 2011
Voriconazole (Vfend),Fluorosis and Periostitis with long-term use,양성,pure_update,2011,April,April - June 2011
Zortress),"Acute and chronic pancreatitis, Gallbladder disorder",양성,pure_update,2011,April,April - June 2011
Adalimumab (Humira),"Hepatic dysfunction, Hepatic failure",양성,pure_update,2011,January,January - March 2011
Azathioprine (Imuran),Acute febrile neutrophilic dermatosis (Sweet’s syndrome),양성,pure_update,2011,January,January - March 2011
Cetuximab (Erbitux),"Corneal infection, Ulcerative keratitis, Skin necrosis",양성,mixed_reviewed,2011,January,January - March 2011
Dabigatran etexilate mesylate (Pradaxa),Labeling for proper storage and handling to preserve potency,양성,trunc_verified,2011,January,January - March 2011
Dronedarone HCl (Multaq),"Renal impairment, Renal failure",양성,pure_update,2011,January,January - March 2011
"Fibrin Sealant (Tisseel VH, Evicel)",Graft failure in ophthalmological procedures and lack of efficacy in neurosurgical procedures for repair of dural tears,음성,pure_noaction,2011,January,January - March 2011
Immune Globulin Subcutaneous (Human) 6% Liquid (Vivaglobin),Thromboembolic adverse events have been reported in association with numerous product lots,보류,oldformat_reviewed,2011,January,January - March 2011
Iron sucrose injection (Venofer),Anaphylactic reactions,양성,pure_update,2011,January,January - March 2011
Malathion (Ovide),Burns and burning sensations,양성,pure_update,2011,January,January - March 2011
Mercaptopurine (Purinethol),Hepatosplenic T-cell lymphoma,양성,pure_update,2011,January,January - March 2011
Prasugrel HCl (Effient),Hypersensitivity reactions,양성,pure_update,2011,January,January - March 2011
Quinolone products,Pseudotumor cerebri,양성,trunc_verified,2011,January,January - March 2011
Rituximab (Rituxan),Hypogammaglobulinemia,양성,pure_update,2011,January,January - March 2011
Ropinirole HCl (Requip),Medication errors resulting from similarities in product name and labeling to Risperidone,양성,pure_update,2011,January,January - March 2011
Adalimumab (Humira)Golimumab (Simponi),Optic neuritis,양성,trunc_verified,2011,July,July - September 2011
Clevidipine butyrate IV emulsion (Cleviprex),Hypoxemia (decreased oxygen saturation),양성,pure_update,2011,July,July - September 2011
Dabigatran etexilate mesylate (Pradaxa),Bleeding events including hemorrhage with fatal outcome,양성,trunc_verified,2011,July,July - September 2011
Diazepam injection,Propylene glycol toxicity,양성,pure_update,2011,July,July - September 2011
Divalproex sodium,"Liver failure, Liver injury, (involving hereditary mitochondrial disorders such as Alpers-Huttenlocher Syndrome (AHS), and other conditions)",양성,trunc_verified,2011,July,July - September 2011
"Methyl salicylate, and Capsaicin",Application site burns,보류,mixed_reviewed,2011,July,July - September 2011
Orlistat (Alli),Kidney stones,음성,mixed_reviewed,2011,July,July - September 2011
Topical analgesic nonprescription monograph products containing Menthol,Application site burns,보류,mixed_reviewed,2011,July,July - September 2011
Tumor Necrosis Factor (TNF) blocking agent products,Sarcoidosis,양성,trunc_verified,2011,July,July - September 2011
Valproate products: Valproic acid,"Liver failure, Liver injury, (involving hereditary mitochondrial disorders such as Alpers-Huttenlocher Syndrome (AHS), and other conditions)",양성,trunc_verified,2011,July,July - September 2011
Valproate sodium,"Liver failure, Liver injury, (involving hereditary mitochondrial disorders such as Alpers-Huttenlocher Syndrome (AHS), and other conditions)",양성,trunc_verified,2011,July,July - September 2011
Regadenoson (Lexiscan),Myocardial infarction and death,양성,pure_update,2013,April,April - June 2013
Topical acne nonprescription monograph products containing benzoyl peroxide and/or salicylic acid,Hypersensitivity and anaphylactic reactions,보류,pending,2013,July,July - September 2013
"Certain kinase inhibitor products with vascular endothelial growth factor (VEGF)-inhibiting properties: Lapatinib (Tykerb), Pazopanib (Votrient), Sorafenib (Nexavar), Sunitinib (Sutent)",Bullous skin conditions including Stevens-Johnson Syndrome (SJS) and Toxic Epidermal Necrolysis (TEN),보류,pending,2013,October,October - December 2013
Certain methylphenidate hydrochloride extended-release tablets (generic products for the trade name Concerta),"Lack of therapeutic effect, possibly related to product quality issues",보류,pending,2013,October,October - December 2013
Everolimus (Zortress),Pulmonary hypertension,보류,pending,2014,April,April - June 2014
Everolimus (Zortress),Pulmonary arterial hypertension,보류,pending,2014,April,April - June 2014
Antidepressant products (except monoamine oxidase inhibitors (MAOIs)),Angle-Closure Glaucoma,보류,pending,2014,January,January - March 2014
Brentuximab vedotin (Adcetris),Hepatotoxicity,보류,pending,2014,January,January - March 2014
Testosterone products,"Potential for drug abuse, misuse, or dependence",보류,pending,2014,January,January - March 2014
Regadenoson (Lexiscan),"Seizures, worsening or recurrence of seizures after use of aminophylline, cerebrovascular accident, and atrial fibrillation/atrial flutter",양성,pure_update,2014,July,July - September 2014
Xenazine (Tetrabenazine),Death,음성,pure_noaction,2014,July,July - September 2014
No new safety information to report at this time,No new safety information to report at this time,보류,oldformat_reviewed,2014,October,October - December 2014
Acetaminophen,Pediatric ingestion errors,양성,oldformat_reviewed,2015,April,April - June 2015
BD E-Z scrub solution,Hypersensitivity/anaphylaxis,양성,pure_update,2015,April,April - June 2015
Bactoshield sponge,Hypersensitivity/anaphylaxis,양성,pure_update,2015,April,April - June 2015
Bloxiverz (neostigmine methylsulfate) injection,Potential product selection errors,양성,pure_update,2015,April,April - June 2015
Brilinta (ticagrelor) tablet,Brand name confusion,양성,trunc_unverified,2015,April,April - June 2015
Brintellix (vortioxetine) tablet,Brand name confusion,양성,trunc_unverified,2015,April,April - June 2015
Calcium carbonate,Milk-alkali syndrome (hypercalcemia),음성,mixed_reviewed,2015,April,April - June 2015
Chloraprep One-Step (with alcohol) solution,Hypersensitivity/anaphylaxis,양성,pure_update,2015,April,April - June 2015
Chlorhexidine gluconate cloth Dyna-Hex 75 antiseptic handwash solution,Hypersensitivity/anaphylaxis,양성,pure_update,2015,April,April - June 2015
"Cholografin meglumine (iodipamide meglumine, 52%) injection",Severe cutaneous adverse reactions including:,양성,trunc_unverified,2015,April,April - June 2015
"Cholografin meglumine (iodipamide meglumine, 52%) injection",Stevens-Johnson Syndrome (SJS),양성,trunc_unverified,2015,April,April - June 2015
"Cholografin meglumine (iodipamide meglumine, 52%) injection",Toxic Epidermal Necrolysis (TEN),양성,trunc_unverified,2015,April,April - June 2015
"Cholografin meglumine (iodipamide meglumine, 52%) injection",Drug Reaction with Eosinophilia and Systemic Symptoms (DRESS),양성,trunc_unverified,2015,April,April - June 2015
"Cholografin meglumine (iodipamide meglumine, 52%) injection",Acute Generalized Exanthematous Pustulosis (AGEP) associated with iodinated contrast media,양성,trunc_unverified,2015,April,April - June 2015
Cimzia (certolizumab pegol) injection,Psychiatric and nervous system disorders,보류,pending,2015,April,April - June 2015
"Conray 30 (iothalamate meglumine, 30%) injection",Severe cutaneous adverse reactions including:,양성,trunc_unverified,2015,April,April - June 2015
"Conray 30 (iothalamate meglumine, 30%) injection",Stevens-Johnson Syndrome (SJS),양성,trunc_unverified,2015,April,April - June 2015
"Conray 30 (iothalamate meglumine, 30%) injection",Toxic Epidermal Necrolysis (TEN),양성,trunc_unverified,2015,April,April - June 2015
"Conray 30 (iothalamate meglumine, 30%) injection",Drug Reaction with Eosinophilia and Systemic Symptoms (DRESS),양성,trunc_unverified,2015,April,April - June 2015
"Conray 30 (iothalamate meglumine, 30%) injection",Acute Generalized Exanthematous Pustulosis (AGEP) associated with iodinated contrast media,양성,trunc_unverified,2015,April,April - June 2015
"Conray 43 (iothalamate meglumine, 43%) injection",Severe cutaneous adverse reactions including:,양성,trunc_unverified,2015,April,April - June 2015
"Conray 43 (iothalamate meglumine, 43%) injection",Stevens-Johnson Syndrome (SJS),양성,trunc_unverified,2015,April,April - June 2015
"Conray 43 (iothalamate meglumine, 43%) injection",Toxic Epidermal Necrolysis (TEN),양성,trunc_unverified,2015,April,April - June 2015
"Conray 43 (iothalamate meglumine, 43%) injection",Drug Reaction with Eosinophilia and Systemic Symptoms (DRESS),양성,trunc_unverified,2015,April,April - June 2015
"Conray 43 (iothalamate meglumine, 43%) injection",Acute Generalized Exanthematous Pustulosis (AGEP) associated with iodinated contrast media,양성,trunc_unverified,2015,April,April - June 2015
Conzip (tramadol HCl) extended-release capsule,Respiratory depression and CYP2D6 ultra-rapid metabolism,양성,trunc_unverified,2015,April,April - June 2015
"Cystografin dilute (diatrizoate meglumine, 18%) injection",Severe cutaneous adverse reactions including:,양성,trunc_unverified,2015,April,April - June 2015
"Cystografin dilute (diatrizoate meglumine, 18%) injection",Stevens-Johnson Syndrome (SJS),양성,trunc_unverified,2015,April,April - June 2015
"Cystografin dilute (diatrizoate meglumine, 18%) injection",Toxic Epidermal Necrolysis (TEN),양성,trunc_unverified,2015,April,April - June 2015
"Cystografin dilute (diatrizoate meglumine, 18%) injection",Drug Reaction with Eosinophilia and Systemic Symptoms (DRESS),양성,trunc_unverified,2015,April,April - June 2015
"Cystografin dilute (diatrizoate meglumine, 18%) injection",Acute Generalized Exanthematous Pustulosis (AGEP) associated with iodinated contrast media,양성,trunc_unverified,2015,April,April - June 2015
Daliresp (roflumilast) tablet,Gynecomastia,양성,pure_update,2015,April,April - June 2015
Daytrana (methylphenidate) patch,Chemical leukoderma,양성,pure_update,2015,April,April - June 2015
Enbrel (etanercept) injection,Psychiatric and nervous system disorders,보류,pending,2015,April,April - June 2015
"Exidine aerosol, metered, topical",Hypersensitivity/anaphylaxis,양성,pure_update,2015,April,April - June 2015
Exidine solution,Hypersensitivity/anaphylaxis,양성,pure_update,2015,April,April - June 2015
Farxiga (dapagliflozin) tablet,Stroke and thromboembolic events,음성,mixed_reviewed,2015,April,April - June 2015
Glyxambi (empagliflozin/linagliptin) tablet,Stroke and thromboembolic events,음성,mixed_reviewed,2015,April,April - June 2015
Hibiclens solution,Hypersensitivity/anaphylaxis,양성,pure_update,2015,April,April - June 2015
Hibistat (with alcohol) solution,Hypersensitivity/anaphylaxis,양성,pure_update,2015,April,April - June 2015
Humira (adalimumab) injection,Psychiatric and nervous system disorders,보류,pending,2015,April,April - June 2015
Invokamet (canagliflozin/metformin HCl) tablet,Stroke and thromboembolic events,음성,mixed_reviewed,2015,April,April - June 2015
Invokana (canagliflozin) tablet,Stroke and thromboembolic events,음성,mixed_reviewed,2015,April,April - June 2015
Iodinated Contrast Media:,Severe cutaneous adverse reactions including:,양성,trunc_unverified,2015,April,April - June 2015
Iodinated Contrast Media:,Stevens-Johnson Syndrome (SJS),양성,trunc_unverified,2015,April,April - June 2015
Iodinated Contrast Media:,Toxic Epidermal Necrolysis (TEN),양성,trunc_unverified,2015,April,April - June 2015
Iodinated Contrast Media:,Drug Reaction with Eosinophilia and Systemic Symptoms (DRESS),양성,trunc_unverified,2015,April,April - June 2015
Iodinated Contrast Media:,Acute Generalized Exanthematous Pustulosis (AGEP) associated with iodinated contrast media,양성,trunc_unverified,2015,April,April - June 2015
Isovue (iopamidol) injection (several strengths),Severe cutaneous adverse reactions including:,양성,trunc_unverified,2015,April,April - June 2015
Isovue (iopamidol) injection (several strengths),Stevens-Johnson Syndrome (SJS),양성,trunc_unverified,2015,April,April - June 2015
Isovue (iopamidol) injection (several strengths),Toxic Epidermal Necrolysis (TEN),양성,trunc_unverified,2015,April,April - June 2015
Isovue (iopamidol) injection (several strengths),Drug Reaction with Eosinophilia and Systemic Symptoms (DRESS),양성,trunc_unverified,2015,April,April - June 2015
Isovue (iopamidol) injection (several strengths),Acute Generalized Exanthematous Pustulosis (AGEP) associated with iodinated contrast media,양성,trunc_unverified,2015,April,April - June 2015
Jardiance (empagliflozin) tablet,Stroke and thromboembolic events,음성,mixed_reviewed,2015,April,April - June 2015
Omnipaque (iohexol) injection,Severe cutaneous adverse reactions including:,양성,trunc_unverified,2015,April,April - June 2015
Omnipaque (iohexol) injection,Stevens-Johnson Syndrome (SJS),양성,trunc_unverified,2015,April,April - June 2015
Omnipaque (iohexol) injection,Toxic Epidermal Necrolysis (TEN),양성,trunc_unverified,2015,April,April - June 2015
Omnipaque (iohexol) injection,Drug Reaction with Eosinophilia and Systemic Symptoms (DRESS),양성,trunc_unverified,2015,April,April - June 2015
Omnipaque (iohexol) injection,Acute Generalized Exanthematous Pustulosis (AGEP) associated with iodinated contrast media,양성,trunc_unverified,2015,April,April - June 2015
Optiray (ioversol) injection (several strengths),Severe cutaneous adverse reactions including:,양성,trunc_unverified,2015,April,April - June 2015
Optiray (ioversol) injection (several strengths),Stevens-Johnson Syndrome (SJS),양성,trunc_unverified,2015,April,April - June 2015
Optiray (ioversol) injection (several strengths),Toxic Epidermal Necrolysis (TEN),양성,trunc_unverified,2015,April,April - June 2015
Optiray (ioversol) injection (several strengths),Drug Reaction with Eosinophilia and Systemic Symptoms (DRESS),양성,trunc_unverified,2015,April,April - June 2015
Optiray (ioversol) injection (several strengths),Acute Generalized Exanthematous Pustulosis (AGEP) associated with iodinated contrast media,양성,trunc_unverified,2015,April,April - June 2015
Over-the-counter chlorhexidine gluconate topical products:,Hypersensitivity/anaphylaxis,양성,pure_update,2015,April,April - June 2015
Oxilan (ioxilan) injection,Severe cutaneous adverse reactions including:,양성,trunc_unverified,2015,April,April - June 2015
Oxilan (ioxilan) injection,Stevens-Johnson Syndrome (SJS),양성,trunc_unverified,2015,April,April - June 2015
Oxilan (ioxilan) injection,Toxic Epidermal Necrolysis (TEN),양성,trunc_unverified,2015,April,April - June 2015
Oxilan (ioxilan) injection,Drug Reaction with Eosinophilia and Systemic Symptoms (DRESS),양성,trunc_unverified,2015,April,April - June 2015
Oxilan (ioxilan) injection,Acute Generalized Exanthematous Pustulosis (AGEP) associated with iodinated contrast media,양성,trunc_unverified,2015,April,April - June 2015
Prevantics Maxi Swabstick (with alcohol) solution,Hypersensitivity/anaphylaxis,양성,pure_update,2015,April,April - June 2015
"Proglycem (diazoxide) capsules, suspension",Pulmonary hypertension,양성,pure_update,2015,April,April - June 2015
Remicade (infliximab) solution,Psychiatric and nervous system disorders,보류,pending,2015,April,April - June 2015
SGLT2 inhibitors:,Stroke and thromboembolic events,음성,mixed_reviewed,2015,April,April - June 2015
Scrub Care Exidine-2-CHG solution,Hypersensitivity/anaphylaxis,양성,pure_update,2015,April,April - June 2015
Scrub Care solution,Hypersensitivity/anaphylaxis,양성,pure_update,2015,April,April - June 2015
Scrub-Stat solution,Hypersensitivity/anaphylaxis,양성,pure_update,2015,April,April - June 2015
Simponi & Simponi Aria (golimumab) injection,Psychiatric and nervous system disorders,보류,pending,2015,April,April - June 2015
Synjardy (empagliflozin/metformin HCl) tablets,Stroke and thromboembolic events,음성,mixed_reviewed,2015,April,April - June 2015
Tramadol hydrochloride (HCl) products:,Respiratory depression and CYP2D6 ultra-rapid metabolism,양성,trunc_unverified,2015,April,April - June 2015
Tumor Necrosis Factor (TNF) blockers:,Psychiatric and nervous system disorders,보류,pending,2015,April,April - June 2015
Ultracet (tramadol HCl/acetaminophen) tablet,Respiratory depression and CYP2D6 ultra-rapid metabolism,양성,trunc_unverified,2015,April,April - June 2015
Ultram (tramadol HCl) tablet,Respiratory depression and CYP2D6 ultra-rapid metabolism,양성,trunc_unverified,2015,April,April - June 2015
Ultram ER (tramadol HCl) extended-release tablet,Respiratory depression and CYP2D6 ultra-rapid metabolism,양성,trunc_unverified,2015,April,April - June 2015
Ultravist (iopromide) injection (several strengths),Severe cutaneous adverse reactions including:,양성,trunc_unverified,2015,April,April - June 2015
Ultravist (iopromide) injection (several strengths),Stevens-Johnson Syndrome (SJS),양성,trunc_unverified,2015,April,April - June 2015
Ultravist (iopromide) injection (several strengths),Toxic Epidermal Necrolysis (TEN),양성,trunc_unverified,2015,April,April - June 2015
Ultravist (iopromide) injection (several strengths),Drug Reaction with Eosinophilia and Systemic Symptoms (DRESS),양성,trunc_unverified,2015,April,April - June 2015
Ultravist (iopromide) injection (several strengths),Acute Generalized Exanthematous Pustulosis (AGEP) associated with iodinated contrast media,양성,trunc_unverified,2015,April,April - June 2015
Vazculep (phenylephrine HCl) injection,Potential product selection errors,양성,pure_update,2015,April,April - June 2015
Visipaque (iodixanol) injection (several strengths),Severe cutaneous adverse reactions including:,양성,trunc_unverified,2015,April,April - June 2015
Visipaque (iodixanol) injection (several strengths),Stevens-Johnson Syndrome (SJS),양성,trunc_unverified,2015,April,April - June 2015
Visipaque (iodixanol) injection (several strengths),Toxic Epidermal Necrolysis (TEN),양성,trunc_unverified,2015,April,April - June 2015
Visipaque (iodixanol) injection (several strengths),Drug Reaction with Eosinophilia and Systemic Symptoms (DRESS),양성,trunc_unverified,2015,April,April - June 2015
Visipaque (iodixanol) injection (several strengths),Acute Generalized Exanthematous Pustulosis (AGEP) associated with iodinated contrast media,양성,trunc_unverified,2015,April,April - June 2015
Xigduo XR (dapagliflozin/metformin HCl) extended release tablet,Stroke and thromboembolic events,음성,mixed_reviewed,2015,April,April - June 2015
Zerbaxa (ceftolozane and tazobactam) injection,Drug dosing issues,양성,pure_update,2015,April,April - June 2015
Harvoni (ledipasvir/sofosbuvir) tablet Olysio (simeprevir) capsule Sovaldi (sofosbuvir) tablet,"Cardiac arrhythmia, bradycardia",양성,trunc_verified,2015,January,January - March 2015
Juxtapid (lomitapide mesylate) capsule,Ineffectiveness of the REMS,보류,pending,2015,January,January - March 2015
Juxtapid (lomitapide mesylate) capsule,Severe diarrhea,보류,pending,2015,January,January - March 2015
Myalept (metreleptin) injection,Anaphylaxis,양성,pure_update,2015,January,January - March 2015
"Noxafil (posaconazole) delayed-release tablet, oral suspension, and injection",Dosing and administration errors associated with product labeling (only oral product formulations),양성,trunc_verified,2015,January,January - March 2015
Pomalyst (pomalidomide) capsule,Hepatotoxicity,양성,pure_update,2015,January,January - March 2015
Tyvaso (treprostinil) inhalation solution,Nebulizer battery overheating,음성,oldformat_reviewed,2015,January,January - March 2015
"Aciphex (rabeprazole sodium) tablet, sprinkle",Systemic Lupus Erythematosus (SLE),양성,pure_update,2015,July,July - September 2015
Articaine hydrochloride (HCl)/epinephrine bitartrate injection,Paresthesia and taste disturbances,음성,mixed_reviewed,2015,July,July - September 2015
Dexilant (dexlansoprazole) capsule,Systemic Lupus Erythematosus (SLE),양성,pure_update,2015,July,July - September 2015
Diabeta (glyburide) tablet,Cardiovascular mortality,음성,pure_noaction,2015,July,July - September 2015
Dipeptidyl peptidase IV (DPP-IV) inhibitor:,Renal failure,음성,mixed_reviewed,2015,July,July - September 2015
Dipeptidyl peptidase IV (DPP-IV) inhibitors:,Mouth ulcerations and stomatitis,양성,pure_update,2015,July,July - September 2015
"Esomeprazole magnesium capsule, oral suspension, injection",Systemic Lupus Erythematosus (SLE),양성,pure_update,2015,July,July - September 2015
Esomeprazole sodium injection,Systemic Lupus Erythematosus (SLE),양성,pure_update,2015,July,July - September 2015
Esomeprazole strontium capsule,Systemic Lupus Erythematosus (SLE),양성,pure_update,2015,July,July - September 2015
Farxiga (dapagliflozin) tablet,Urosepsis,양성,pure_update,2015,July,July - September 2015
Genotropin (somatropin) injection,Hypersensitivity,양성,pure_update,2015,July,July - September 2015
Glyxambi (empagliflozin/linagliptin) tablet,Renal failure,음성,mixed_reviewed,2015,July,July - September 2015
Glyxambi (empagliflozin/linagliptin) tablet,Mouth ulcerations and stomatitis,양성,pure_update,2015,July,July - September 2015
Glyxambi (empagliflozin/linagliptin) tablet,Urosepsis,양성,pure_update,2015,July,July - September 2015
Habitrol (nicotine) patch (transdermal system),Seizures,양성,pure_update,2015,July,July - September 2015
Honest sunscreen lotion SPF 30,Sunburn,음성,mixed_reviewed,2015,July,July - September 2015
Humatrope [somatropin (rDNA origin)] injection,Hypersensitivity,양성,pure_update,2015,July,July - September 2015
Invokamet (canagliflozin/metformin HCl) tablet,Urosepsis,양성,pure_update,2015,July,July - September 2015
Invokana (canagliflozin) tablet,Urosepsis,양성,pure_update,2015,July,July - September 2015
Janumet (sitagliptin/metformin HCl) tablet,Renal failure,음성,mixed_reviewed,2015,July,July - September 2015
Janumet (sitagliptin/metformin HCl) tablet,Mouth ulcerations and stomatitis,양성,pure_update,2015,July,July - September 2015
Janumet XR (sitagliptin/metformin HCl) extended release tablet,Renal failure,음성,mixed_reviewed,2015,July,July - September 2015
Janumet XR (sitagliptin/metformin HCl) extended release tablet,Mouth ulcerations and stomatitis,양성,pure_update,2015,July,July - September 2015
Januvia (sitagliptin) tablet,Renal failure,음성,mixed_reviewed,2015,July,July - September 2015
Januvia (sitagliptin) tablet,Mouth ulcerations and stomatitis,양성,pure_update,2015,July,July - September 2015
Jardiance (empagliflozin) tablet,Urosepsis,양성,pure_update,2015,July,July - September 2015
Jentadueto (linagliptin/metformin HCl) tablet,Renal failure,음성,mixed_reviewed,2015,July,July - September 2015
Jentadueto (linagliptin/metformin HCl) tablet,Mouth ulcerations and stomatitis,양성,pure_update,2015,July,July - September 2015
Kazano (alogliptin/metformin HCl) tablet,Renal failure,음성,mixed_reviewed,2015,July,July - September 2015
Kazano (alogliptin/metformin HCl) tablet,Mouth ulcerations and stomatitis,양성,pure_update,2015,July,July - September 2015
Kombiglyze XR (saxagliptin/metformin HCl) extended-release tablet,Renal failure,음성,mixed_reviewed,2015,July,July - September 2015
Kombiglyze XR (saxagliptin/metformin HCl) extended-release tablet,Mouth ulcerations and stomatitis,양성,pure_update,2015,July,July - September 2015
Lansoprazole capsule,Systemic Lupus Erythematosus (SLE),양성,pure_update,2015,July,July - September 2015
Mirvaso (brimonidine tartrate) gel,"Hypersensitivity, local vascular effects, and systemic effects consistent with pharmacologic action of alpha-2 agonists",양성,trunc_unverified,2015,July,July - September 2015
Naproxen/esomeprazole magnesium tablet,Systemic Lupus Erythematosus (SLE),양성,pure_update,2015,July,July - September 2015
Nesina (alogliptin) tablet,Renal failure,음성,mixed_reviewed,2015,July,July - September 2015
Nesina (alogliptin) tablet,Mouth ulcerations and stomatitis,양성,pure_update,2015,July,July - September 2015
"Nexium (esomeprazole magnesium) capsule, granule",Systemic Lupus Erythematosus (SLE),양성,pure_update,2015,July,July - September 2015
Nicoderm (nicotine) patch (transdermal system),Seizures,양성,pure_update,2015,July,July - September 2015
Nicorette & Nicorette DS (nicotine polacrilex) gum,Seizures,양성,pure_update,2015,July,July - September 2015
Nicorette (nicotine polacrilex) lozenge,Seizures,양성,pure_update,2015,July,July - September 2015
Nicotine replacement therapy:,Seizures,양성,pure_update,2015,July,July - September 2015
Nicotrol (nicotine) inhaler,Seizures,양성,pure_update,2015,July,July - September 2015
Nicotrol NS (nicotine) spray,Seizures,양성,pure_update,2015,July,July - September 2015
Norditropin cartridges [somatropin (rDNA origin)] injection,Hypersensitivity,양성,pure_update,2015,July,July - September 2015
Nutropin AQ [somatropin (rDNA origin)] injection,Hypersensitivity,양성,pure_update,2015,July,July - September 2015
"Omeclamox-Pak (omeprazole delayed-release capsules, clarithromycin tablets, and amoxicillin capsules)",Systemic Lupus Erythematosus (SLE),양성,pure_update,2015,July,July - September 2015
"Omeprazole capsule, granules for oral suspension",Systemic Lupus Erythematosus (SLE),양성,pure_update,2015,July,July - September 2015
Omnitrope [somatropin (rDNA origin)] injection,Hypersensitivity,양성,pure_update,2015,July,July - September 2015
Onglyza (saxagliptin) tablet,Renal failure,음성,mixed_reviewed,2015,July,July - September 2015
Onglyza (saxagliptin) tablet,Mouth ulcerations and stomatitis,양성,pure_update,2015,July,July - September 2015
Orabloc (articaine HCl/epinephrine bitartrate) injection,Paresthesia and taste disturbances,음성,mixed_reviewed,2015,July,July - September 2015
Oseni (alogliptin/pioglitazone) tablet,Renal failure,음성,mixed_reviewed,2015,July,July - September 2015
Oseni (alogliptin/pioglitazone) tablet,Mouth ulcerations and stomatitis,양성,pure_update,2015,July,July - September 2015
Pantoprazole sodium tablet,Systemic Lupus Erythematosus (SLE),양성,pure_update,2015,July,July - September 2015
Prevacid (lansoprazole) capsule,Systemic Lupus Erythematosus (SLE),양성,pure_update,2015,July,July - September 2015
Prevpac (lansoprazole/amoxicillin/clarithromycin) capsule/capsule/tablet,Systemic Lupus Erythematosus (SLE),양성,pure_update,2015,July,July - September 2015
"Prilosec (omeprazole magnesium) capsule, tablet, granule",Systemic Lupus Erythematosus (SLE),양성,pure_update,2015,July,July - September 2015
Proton pump inhibitors:,Systemic Lupus Erythematosus (SLE),양성,pure_update,2015,July,July - September 2015
"Protonix (pantoprazole sodium) tablet, injection, oral suspension",Systemic Lupus Erythematosus (SLE),양성,pure_update,2015,July,July - September 2015
Pseudoephedrine-containing products (numerous),Ischemic colitis,음성,pure_noaction,2015,July,July - September 2015
Rabeprazole sodium tablet,Systemic Lupus Erythematosus (SLE),양성,pure_update,2015,July,July - September 2015
Recombinant human growth hormones:,Hypersensitivity,양성,pure_update,2015,July,July - September 2015
SGLT2 inhibitors:,Urosepsis,양성,pure_update,2015,July,July - September 2015
Saizen (somatropin recombinant [rDNA origin]) injection,Hypersensitivity,양성,pure_update,2015,July,July - September 2015
"Septocaine (articaine HCl/epinephrine bitartrate) injection, solution",Paresthesia and taste disturbances,음성,mixed_reviewed,2015,July,July - September 2015
Serostim [somatropin (rDNA origin)] injection,Hypersensitivity,양성,pure_update,2015,July,July - September 2015
Synjardy (empagliflozin/metformin HCl) tablet,Urosepsis,양성,pure_update,2015,July,July - September 2015
Tecfidera (dimethyl fumarate) delayed-release capsule,Acute pancreatitis,음성,pure_noaction,2015,July,July - September 2015
Technivie (ombitasvir/paritaprevir/ ritonavir) tablets,Hepatic decompensation and hepatic failure,양성,trunc_unverified,2015,July,July - September 2015
Technivie (ombitasvir/paritaprevir/ ritonavir) tablets,Renal adverse events including renal failure,음성,mixed_reviewed,2015,July,July - September 2015
Tev-Tropin [somatropin (rDNA origin)] injection,Hypersensitivity,양성,pure_update,2015,July,July - September 2015
Tradjenta (linagliptin) tablet,Renal failure,음성,mixed_reviewed,2015,July,July - September 2015
Tradjenta (linagliptin) tablet,Mouth ulcerations and stomatitis,양성,pure_update,2015,July,July - September 2015
Viekira PAK (dasabuvir/ombitasvir/paritaprevir/ritonavir) tablets,Hepatic decompensation and hepatic failure,양성,trunc_unverified,2015,July,July - September 2015
Viekira PAK (dasabuvir/ombitasvir/paritaprevir/ritonavir) tablets,Renal adverse events including renal failure,음성,mixed_reviewed,2015,July,July - September 2015
Vimovo (naproxen/esomeprazole magnesium) tablet,Systemic Lupus Erythematosus (SLE),양성,pure_update,2015,July,July - September 2015
Votrient (pazopanib HCl) tablet,Interstitial lung disease (ILD)/pneumonitis,양성,pure_update,2015,July,July - September 2015
Xigduo XR (dapagliflozin/metformin HCl) extended release tablet,Urosepsis,양성,pure_update,2015,July,July - September 2015
"Zegerid (omeprazole/sodium bicarbonate) capsule, powder for oral suspension",Systemic Lupus Erythematosus (SLE),양성,pure_update,2015,July,July - September 2015
Zonegran (zonisamide) capsule,Drug Reaction with Eosinophilia and Systemic Symptoms (DRESS),양성,pure_update,2015,July,July - September 2015
Calcium gluconate injection,Potential for wrong drug error,양성,pure_update,2015,October,October - December 2015
Epinephrine auto-injectors,Clostridium perfringens infection,보류,pending,2015,October,October - December 2015
Epipen (epinephrine) injection Epipen Jr (epinephrine) injection,Lacerations and embedded needles,보류,pending,2015,October,October - December 2015
Harvoni (ledipasvir/sofosbuvir) tablet Olysio (simeprevir) capsule Sovaldi (sofosbuvir) tablet,Rhabdomyolysis,보류,pending,2015,October,October - December 2015
Iodinated contrast agents (numerous products),Myasthenia gravis exacerbation,보류,pending,2015,October,October - December 2015
"Keppra (levetiracetam) tablet, oral solution, injection Spritam (levetiracetam) tablet (for suspension)",Angioedema Anaphylaxis,보류,pending,2015,October,October - December 2015
SGLT2 inhibitors: Farxiga (dapagliflozin) tablet Glyxambi (empagliflozin/linagliptin) tablet Jardiance (empagliflozin) tablet Invokamet (canagliflozin/metformin HCl) tablet Invokana (canagliflozin) tablet Synjardy (empagliflozin/metformin HCl) tablets Xigduo XR (dapagliflozin/metformin HCl) extended release tablet,Acute kidney injury,보류,pending,2015,October,October - December 2015
Somatostatin analogs: Sandostatin (octreotide acetate) injection Sandostatin LAR Depot (octreotide acetate) for injectable suspension Somatuline Depot (lanreotide) injection Signifor (pasireotide) injection Signifor LAR (pasireotide) injection,Cholecystitis,보류,pending,2015,October,October - December 2015
TachoSil (fibrin sealant patch),Intestinal obstruction in patients undergoing abdominal and/or pelvic surgery,보류,pending,2015,October,October - December 2015
Visipaque (iodixanol) injection,Hypersensitivity,음성,pure_noaction,2015,October,October - December 2015
Antidepressants,Takotsubo cardiomyopathy,양성,pure_update,2016,April,April - June 2016
Avonex (interferon beta-1a) injection,Drug-induced lupus,음성,mixed_reviewed,2016,April,April - June 2016
Bendeka (bendamustine hydrochloride) injection,Drug Reaction with Eosinophilia and Systematic Symptoms (DRESS),양성,pure_update,2016,April,April - June 2016
Bendeka (bendamustine hydrochloride) injection,Hepatic and hepatobiliary disorders,양성,pure_update,2016,April,April - June 2016
Beta Interferons:,Drug-induced lupus,양성,mixed_reviewed,2016,April,April - June 2016
Betaseron (interferon beta-1b) subcutaneous injection,Drug-induced lupus,양성,mixed_reviewed,2016,April,April - June 2016
Corlanor (ivabradine) tablet,"Concomitant use of ivabradine with drugs that slow the heart rate (e.g. beta blockers, clonidine, digoxin, diltiazem, ivabradine, and verapamil) may increase risk of bradycardia",음성,mixed_reviewed,2016,April,April - June 2016
Daklinza (daclatasvir) tablets,Hepatitis B reactivation,양성,pure_update,2016,April,April - June 2016
Daklinza (daclatasvir) tablets,"Direct-acting antivirals Drug Safety Communication (October 4, 2016)",양성,pure_update,2016,April,April - June 2016
Dipeptidyl peptidase 4 (DPP-4) inhibitor tablets:,Pemphigoid,양성,pure_update,2016,April,April - June 2016
Diphenhydramine,QT Prolongation,음성,mixed_reviewed,2016,April,April - June 2016
Direct-acting antivirals:,Hepatitis B reactivation,양성,pure_update,2016,April,April - June 2016
Direct-acting antivirals:,"Direct-acting antivirals Drug Safety Communication (October 4, 2016)",양성,pure_update,2016,April,April - June 2016
Entresto (sacubitril/valsartan) tablets,Risk of rhabdomyolysis with concomitant use of statin therapy,음성,mixed_reviewed,2016,April,April - June 2016
Extavia (interferon beta-1b) subcutaneous injection,Drug-induced lupus,양성,mixed_reviewed,2016,April,April - June 2016
Farxiga (dapagliflozin) tablets,Acute pancreatitis,음성,mixed_reviewed,2016,April,April - June 2016
First and second generation histamine H1 antagonists,Seizures,음성,mixed_reviewed,2016,April,April - June 2016
Fluroquinolone antibiotics,Drug-induced side effects,양성,pure_update,2016,April,April - June 2016
Glyxambi (empagliflozin /linagliptin) tablets,Acute pancreatitis,음성,mixed_reviewed,2016,April,April - June 2016
Glyxambi (empagliflozin/ linagliptin) tablets,Pemphigoid,양성,pure_update,2016,April,April - June 2016
Granix (tbo-filgrastime) injection for subcutaneous use,Glomerulonephritis,양성,pure_update,2016,April,April - June 2016
HMG-CoA reductase inhibitors,Interstitial lung disease,보류,pending,2016,April,April - June 2016
Harvoni (ledipasvir and sofosbuvir) tablets,Hepatitis B reactivation,양성,pure_update,2016,April,April - June 2016
Harvoni (ledipasvir and sofosbuvir) tablets,"Direct-acting antivirals Drug Safety Communication (October 4, 2016)",양성,pure_update,2016,April,April - June 2016
Harvoni (ledipasvir and sofosbuvir) tablets,Drug-Drug Interaction: ledipsavir/sofosbuvir and lopinavir/ritonavir,음성,mixed_reviewed,2016,April,April - June 2016
Hydralazine hydrochloride tablets,Increase in medication error reports associated with confusion between hydroxyzine and hydralazine,양성,pure_update,2016,April,April - June 2016
Hydroxyzine hydrochloride tablets,Increase in medication error reports associated with confusion between hydroxyzine and hydralazine,양성,pure_update,2016,April,April - June 2016
Hydroxyzine pamoate capsules,Increase in medication error reports associated with confusion between hydroxyzine and hydralazine,양성,pure_update,2016,April,April - June 2016
Invokamet (canagliflozin /metformin hydrochloride) tablets,Acute pancreatitis,음성,mixed_reviewed,2016,April,April - June 2016
Invokana (canagliflozin) tablets,Acute pancreatitis,음성,mixed_reviewed,2016,April,April - June 2016
Janumet (sitagliptin /metformin hydrochloride) tablets,Pemphigoid,양성,pure_update,2016,April,April - June 2016
Janumet XR (sitagliptin /metformin hydrochloride) extended-release tablets,Pemphigoid,양성,pure_update,2016,April,April - June 2016
Januvia (sitagliptin) tablets,Pemphigoid,양성,pure_update,2016,April,April - June 2016
Jardiance (empagliflozin) tablets,Acute pancreatitis,음성,mixed_reviewed,2016,April,April - June 2016
Jentadueto (linagliptin/metformin hydrochloride ) tablets,Pemphigoid,양성,pure_update,2016,April,April - June 2016
Jentadueto XR (linagliptin /metformin hydrochloride) extended-release tablets,Pemphigoid,양성,pure_update,2016,April,April - June 2016
Kazano (alogliptin /metformin hydrochloride) tablets,Pemphigoid,양성,pure_update,2016,April,April - June 2016
Kombiglyze XR (saxagliptin /metformin hydrochloride) extended-release tablets,Pemphigoid,양성,pure_update,2016,April,April - June 2016
Krystexxa (pegloticase) injection for intravenous use,Hemolytic anemia and methemoglobinemia,양성,pure_update,2016,April,April - June 2016
Lamisil (terbinafine hydrochloride) tablets,Thrombotic microangiopathy,양성,pure_update,2016,April,April - June 2016
Nesina (alogliptin) tablets,Pemphigoid,양성,pure_update,2016,April,April - June 2016
Olysio (simeprevir) capsules,Hepatitis B reactivation,양성,pure_update,2016,April,April - June 2016
Olysio (simeprevir) capsules,"Direct-acting antivirals Drug Safety Communication (October 4, 2016)",양성,pure_update,2016,April,April - June 2016
Onglyza (saxagliptin) tablets,Pemphigoid,양성,pure_update,2016,April,April - June 2016
Ophthalmic products: container closure system,Manufacturing problem: loose or unsecured tamper evident rings can fall off the bottle neck onto patients’ eyes when bottle is tilted or inverted to apply eye drops,양성,pure_update,2016,April,April - June 2016
Opsumit (macitentan) tablets,Hepatic and hepatobiliary disorders,양성,pure_update,2016,April,April - June 2016
Oseni (alogliptin /pioglitazone) tablets,Pemphigoid,양성,pure_update,2016,April,April - June 2016
Plegridy and Plegridy PEN (peginterferon beta-1a) subcutaneous injection,Drug-induced lupus,음성,mixed_reviewed,2016,April,April - June 2016
Rapivab (peramivir) injection for intravenous use,Anaphylaxis/Angioedema,양성,pure_update,2016,April,April - June 2016
Rebif and Rebif Rebidose (interferon beta-1a) subcutaneous injection,Drug-induced lupus,음성,mixed_reviewed,2016,April,April - June 2016
SGLT2 inhibitors:,Acute pancreatitis,음성,mixed_reviewed,2016,April,April - June 2016
Sovaldi (sofosbuvir) tablets,Hepatitis B reactivation,양성,pure_update,2016,April,April - June 2016
Sovaldi (sofosbuvir) tablets,"Direct-acting antivirals Drug Safety Communication (October 4, 2016)",양성,pure_update,2016,April,April - June 2016
Synjardy (empagliflozin /metformin hydrochloride) tablets,Acute pancreatitis,음성,mixed_reviewed,2016,April,April - June 2016
Tecfidera (dimethyl fumarate) delayed-release capsules,Idiosyncratic drug-induced liver injury (DILI),양성,pure_update,2016,April,April - June 2016
"Technivie (ombitasvir, paritaprevir, and ritonavir) tablets",Hepatitis B reactivation,양성,pure_update,2016,April,April - June 2016
"Technivie (ombitasvir, paritaprevir, and ritonavir) tablets","Direct-acting antivirals Drug Safety Communication (October 4, 2016)",양성,pure_update,2016,April,April - June 2016
Terbinafine hydrochloride-containing oral drugs,Thrombotic microangiopathy,양성,pure_update,2016,April,April - June 2016
Tracleer (bosentan) tablets,Anaphylaxis,양성,pure_update,2016,April,April - June 2016
Tracleer (bosentan) tablets,Drug Reaction with Eosinophilia and Systemic Symptoms (DRESS),양성,pure_update,2016,April,April - June 2016
Tradjenta (linagliptin) tablets,Pemphigoid,양성,pure_update,2016,April,April - June 2016
Treanda (bendamustine hydrochloride) infusion,Drug Reaction with Eosinophilia and Systematic Symptoms (DRESS),양성,pure_update,2016,April,April - June 2016
Treanda (bendamustine hydrochloride) injection,Hepatic and hepatobiliary disorders,양성,pure_update,2016,April,April - June 2016
Unituxin (dinutuximab) injection for intravenous use,Transverse myelitis,양성,pure_update,2016,April,April - June 2016
"Viekira Pak (ombitasvir, paritaprevir, and ritonavir",Hepatitis B reactivation,양성,pure_update,2016,April,April - June 2016
"Viekira Pak (ombitasvir, paritaprevir, and ritonavir","Direct-acting antivirals Drug Safety Communication (October 4, 2016)",양성,pure_update,2016,April,April - June 2016
"Vistaril (hydroxyzine pamoate capsules, suspension",Acute generalized exanthematous pustulosis (AGEP),양성,pure_update,2016,April,April - June 2016
Xigduo XR (dapagliflozin/metformin hydrochloride) extended-release tablets,Acute pancreatitis,음성,mixed_reviewed,2016,April,April - June 2016
"Xyzal (levocetirizine dihydrochloride) tablets, solution",Acute generalized exanthematous pustulosis (AGEP),양성,pure_update,2016,April,April - June 2016
Zecuity (sumatriptaniontophoretic) transdermal system,Burns and Scars,양성,pure_update,2016,April,April - June 2016
Zepatier (elbasvir and grazoprevir) tablets,Hepatitis B reactivation,양성,pure_update,2016,April,April - June 2016
Zepatier (elbasvir and grazoprevir) tablets,"Direct-acting antivirals Drug Safety Communication (October 4, 2016)",양성,pure_update,2016,April,April - June 2016
Zydelig (idelalisib) tablets,Fatal infections,양성,pure_update,2016,April,April - June 2016
"Zyrtec (cetirizine hydrochloride) tablets, capsules, Children’s syrup",Acute generalized exanthematous pustulosis (AGEP),양성,pure_update,2016,April,April - June 2016
dasabuvir) tablets,Hepatitis B reactivation,양성,pure_update,2016,April,April - June 2016
dasabuvir) tablets,"Direct-acting antivirals Drug Safety Communication (October 4, 2016)",양성,pure_update,2016,April,April - June 2016
(bupivacaine liposome) injection,Local Anesthetic Systemic Toxicity (LAST),보류,pending,2016,January,January - March 2016
"Abilify (aripiprazole) orally disintegrating tablet, tablet, oral solution, and injection for intramuscular (IM) use",Impulse-control disorders,양성,pure_update,2016,January,January - March 2016
Abilify Maintena (aripiprazole) extended-release injectable suspension for IM use,Impulse-control disorders,양성,pure_update,2016,January,January - March 2016
Adcirca (tadalafil) tablets,Skin melanomas,음성,mixed_reviewed,2016,January,January - March 2016
Aripiprazole-containing drug products:,Impulse-control disorders,양성,pure_update,2016,January,January - March 2016
Aristada (aripiprazole lauroxil) extended-release injectable suspension for IM use,Impulse-control disorders,양성,pure_update,2016,January,January - March 2016
Belviq (lorcaserin hydrochloride) tablets,Hypersensitivity,양성,pure_update,2016,January,January - March 2016
Brilinta (ticagrelor) tablets,Atrioventricular block (AV block),양성,pure_update,2016,January,January - March 2016
Cialis (tadalafil) tablets,Skin melanomas,음성,mixed_reviewed,2016,January,January - March 2016
Cometriq (cabozantinib) capsules,Drug interaction between cabozantinib and warfarin,음성,pure_noaction,2016,January,January - March 2016
Cysto-Conray II (iothalamate meglumine) injection,Medication error reports associated with wrong route of administration,음성,mixed_reviewed,2016,January,January - March 2016
Diflucan (fluconazole) tablets,Adverse pregnancy outcomes,양성,pure_update,2016,January,January - March 2016
Exparel,Local Anesthetic Systemic Toxicity (LAST),보류,pending,2016,January,January - March 2016
First and second generation antipsychotics,Falls that may result in injury,양성,pure_update,2016,January,January - March 2016
Gastrografin (diatrizoate meglumine and diatrizoate sodium) solution,Medication error reports associated with wrong route of administration,음성,mixed_reviewed,2016,January,January - March 2016
Kynamro (mipomersen sodium) injection for subcutaneous use,Ineffectiveness of the REMS,양성,trunc_unverified,2016,January,January - March 2016
Levitra (vardenafil hydrochloride) orally-disintegrating tablets,Skin melanomas,음성,mixed_reviewed,2016,January,January - March 2016
"Loperamide hydrochloride capsules, oral solution","Abuse, misuse,&nbsp",양성,trunc_unverified,2016,January,January - March 2016
"Loperamide hydrochloride capsules, oral solution","and serious cardiac adverse events, including Torsades de Points",양성,trunc_unverified,2016,January,January - March 2016
MD-Gastroview (diatrizoate meglumine and diatrizoate sodium) solution,Medication error reports associated with wrong route of administration,음성,mixed_reviewed,2016,January,January - March 2016
Metformin-containing drug products,Hepatitis,양성,pure_update,2016,January,January - March 2016
"Noxafil (posaconazole) injection, extended-release tablets, and oral suspension",Drug interaction between posaconazole and vincristine potentially causing neurotoxicity,양성,pure_update,2016,January,January - March 2016
Paregoric oral solution,Labeling error with the potential to cause medication errors,양성,pure_update,2016,January,January - March 2016
Phosphodiesterase (PDE)-5 inhibitors:,Skin melanomas,음성,mixed_reviewed,2016,January,January - March 2016
Ranexa (ranolazine) extended-release tablets,Seizure,음성,mixed_reviewed,2016,January,January - March 2016
"Revatio (sildenafil citrate) tablets, oral suspension, and injection",Skin melanomas,음성,mixed_reviewed,2016,January,January - March 2016
Staxyn (vardenafil hydrochloride) orally-disintegrating tablets,Skin melanomas,음성,mixed_reviewed,2016,January,January - March 2016
Stendra (avanafil) tablets,Skin melanomas,음성,mixed_reviewed,2016,January,January - March 2016
Vascepa (icosapent ethyl) capsules,Liver injury,음성,pure_noaction,2016,January,January - March 2016
Velcade (bortezomib) injection for subcutaneous and IV use,Stevens-Johnson Syndrome and Toxic Epidermal Necrolysis,양성,pure_update,2016,January,January - March 2016
Viagra (sildenafil citrate) tablets,Skin melanomas,음성,mixed_reviewed,2016,January,January - March 2016
"Aciphex (rabeprazole sodium) delayed-release tablets, for oral use",Polyps of stomach and duodenum,양성,pure_update,2017,April,April - June 2017
"Aciphex (rabeprazole sodium) delayed-release tablets, for oral use",Chronic kidney disease/ acute kidney injury,음성,pure_noaction,2017,April,April - June 2017
"Adrenalin® (epinephrine injection), for intramuscular and subcutaneous use",Adrenaline (epinephrine) injection and wrong drug errors,양성,trunc_unverified,2017,April,April - June 2017
"Aldara® (imiquimod) cream, 5%, for topical use only",Drug induced vitiligo-like depigmentation,보류,pending,2017,April,April - June 2017
"Ameluz® (aminolevulinic acid hydrochloride) gel, 10%, for topical use",Transient global amnesia,양성,pure_update,2017,April,April - June 2017
"Campath (alemtuzumab) injection, for intravenous use",Acute acalculous cholecystitis,양성,trunc_unverified,2017,April,April - June 2017
Carafate® (sucralfate)&nbsp,Medication error: administration error,양성,trunc_unverified,2017,April,April - June 2017
Coartem (artemether/lumefantrine) tablets,Hemolytic anemia,양성,pure_update,2017,April,April - June 2017
Dipeptidyl peptidase-4 inhibitors,Rhabdomyolysis,양성,pure_update,2017,April,April - June 2017
"Epipen® (epinephrine injection, USP), Auto-injector 0.3 mg, for intramuscular or subcutaneous use",Device failure,양성,pure_update,2017,April,April - June 2017
"Epipen® Jr (epinephrine injection, USP) Auto-injector 0.15 mg, for intramuscular or subcutaneous use",Device failure,양성,pure_update,2017,April,April - June 2017
"Esomeprazole strontium delayed-release capsules, for oral use",Polyps of stomach and duodenum,양성,pure_update,2017,April,April - June 2017
"Esomeprazole strontium delayed-release capsules, for oral use",Chronic kidney disease/ acute kidney injury,음성,pure_noaction,2017,April,April - June 2017
"Gilenya® (fingolimod) capsules, for oral use",Rebound multiple sclerosis upon discontinuation of fingolimod,양성,trunc_unverified,2017,April,April - June 2017
"Gleevec® (imatinib mesylate) tablets, for oral use",Decline in renal function,양성,pure_update,2017,April,April - June 2017
"GlucaGen (glucagon [rDNA origin] for injection), for subcutaneous, intramuscular, or intravenous use",Necrolytic migratory erythema,양성,pure_update,2017,April,April - June 2017
"Glucagon for injection, for subcutaneous, intramuscular, or intravenous use",Necrolytic migratory erythema,양성,pure_update,2017,April,April - June 2017
"Glyxambi (empagliflozin and linagliptin) tablets, for oral use",Rhabdomyolysis,양성,pure_update,2017,April,April - June 2017
"Janumet (sitagliptin and metformin hydrochloride) tablets, for oral use",Rhabdomyolysis,양성,pure_update,2017,April,April - June 2017
"Janumet XR (sitagliptin and metformin hydrochloride extended-release) tablets, for oral use",Rhabdomyolysis,양성,pure_update,2017,April,April - June 2017
"Januvia (sitagliptin) tablets, for oral use",Rhabdomyolysis,양성,pure_update,2017,April,April - June 2017
"Jentadueto (linagliptin and metformin hydrochloride) tablets, for oral use",Rhabdomyolysis,양성,pure_update,2017,April,April - June 2017
"Jentadueto XR (linagliptin and metformin hydrochloride extended-release) tablets, for oral use",Rhabdomyolysis,양성,pure_update,2017,April,April - June 2017
"Kazano (alogliptin and metformin hydrochloride) tablets, for oral use",Rhabdomyolysis,양성,pure_update,2017,April,April - June 2017
"Keytruda® (pembrolizumab) injection, for intravenous use",Complications of allogeneic hematopoietic stem cell transplantation,양성,trunc_unverified,2017,April,April - June 2017
"Keytruda® (pembrolizumab) injection, for intravenous use",Stevens-Johnson syndrome and toxic epidermal necrolysis,양성,pure_update,2017,April,April - June 2017
"Kombiglyze XR (saxagliptin and metformin hydrochloride extended-release) tablets, for oral use",Rhabdomyolysis,양성,pure_update,2017,April,April - June 2017
"Lemtrada (alemtuzumab) injection, for intravenous use",Acute acalculous cholecystitis,양성,trunc_unverified,2017,April,April - June 2017
"Nesina (alogliptin) tablets, for oral use",Rhabdomyolysis,양성,pure_update,2017,April,April - June 2017
"Nexium (esomeprazole magnesium) delayed-release capsules, for oral use",Polyps of stomach and duodenum,양성,pure_update,2017,April,April - June 2017
"Nexium (esomeprazole magnesium) delayed-release capsules, for oral use",Chronic kidney disease/ acute kidney injury,음성,pure_noaction,2017,April,April - June 2017
Nexium (esomeprazole magnesium) for delayed-release oral suspension,Polyps of stomach and duodenum,양성,pure_update,2017,April,April - June 2017
Nexium (esomeprazole magnesium) for delayed-release oral suspension,Chronic kidney disease/ acute kidney injury,음성,pure_noaction,2017,April,April - June 2017
"Nexium I.V. (esomeprazole sodium) for injection, for intravenous use",Polyps of stomach and duodenum,양성,pure_update,2017,April,April - June 2017
"Nexium I.V. (esomeprazole sodium) for injection, for intravenous use",Chronic kidney disease/ acute kidney injury,음성,pure_noaction,2017,April,April - June 2017
"Onglyza (saxagliptin) tablets, for oral use",Rhabdomyolysis,양성,pure_update,2017,April,April - June 2017
"Opdivo® (nivolumab) injection, for intravenous use",Complications of allogeneic hematopoietic stem cell transplantation,양성,trunc_unverified,2017,April,April - June 2017
"Oseni (alogliptin and pioglitazone) tablets, for oral use",Rhabdomyolysis,양성,pure_update,2017,April,April - June 2017
"Pomalyst® (pomalidomide) capsules, for oral use",Ischemic colitis,음성,pure_noaction,2017,April,April - June 2017
"Prevacid (lansoprazole), delayed-release capsules, for oral use",Polyps of stomach and duodenum,양성,pure_update,2017,April,April - June 2017
"Prevacid (lansoprazole), delayed-release capsules, for oral use",Chronic kidney disease/ acute kidney injury,음성,pure_noaction,2017,April,April - June 2017
Prevacid Solutab (lansoprazole) delayed-release orally disintegrating tablets,Polyps of stomach and duodenum,양성,pure_update,2017,April,April - June 2017
Prevacid Solutab (lansoprazole) delayed-release orally disintegrating tablets,Chronic kidney disease/ acute kidney injury,음성,pure_noaction,2017,April,April - June 2017
Prilosec (omeprazole) delayed-release capsules,Polyps of stomach and duodenum,양성,pure_update,2017,April,April - June 2017
Prilosec (omeprazole) delayed-release capsules,Chronic kidney disease/ acute kidney injury,음성,pure_noaction,2017,April,April - June 2017
Prilosec (omeprazole) delayed-release oral suspension,Polyps of stomach and duodenum,양성,pure_update,2017,April,April - June 2017
Prilosec (omeprazole) delayed-release oral suspension,Chronic kidney disease/ acute kidney injury,음성,pure_noaction,2017,April,April - June 2017
Proton Pump Inhibitors,Polyps of stomach and duodenum,양성,pure_update,2017,April,April - June 2017
Proton Pump Inhibitors,Chronic kidney disease/ acute kidney injury,음성,pure_noaction,2017,April,April - June 2017
"Protonix (pantoprazole sodium) delayed-release tablets, for oral use",Polyps of stomach and duodenum,양성,pure_update,2017,April,April - June 2017
"Protonix (pantoprazole sodium) delayed-release tablets, for oral use",Chronic kidney disease/ acute kidney injury,음성,pure_noaction,2017,April,April - June 2017
Protonix (pantoprazole sodium) for delayed-release oral suspension,Polyps of stomach and duodenum,양성,pure_update,2017,April,April - June 2017
Protonix (pantoprazole sodium) for delayed-release oral suspension,Chronic kidney disease/ acute kidney injury,음성,pure_noaction,2017,April,April - June 2017
"Protonix IV (pantoprazole sodium) for injection, for intravenous use",Polyps of stomach and duodenum,양성,pure_update,2017,April,April - June 2017
"Protonix IV (pantoprazole sodium) for injection, for intravenous use",Chronic kidney disease/ acute kidney injury,음성,pure_noaction,2017,April,April - June 2017
"Qtern (dapagliflozin and saxagliptin) tablets, for oral use",Rhabdomyolysis,양성,pure_update,2017,April,April - June 2017
"Repatha (evolocumab) injection, for subcutaneous use",Skin and subcutaneous tissue bacterial infections,양성,pure_update,2017,April,April - June 2017
"Taxotere (docetaxel) injection concentrate, intravenous&nbsp",Docetaxel and neutropenic enterocolitis,양성,pure_update,2017,April,April - June 2017
"Tradjenta (linagliptin) tablets, for oral use",Rhabdomyolysis,양성,pure_update,2017,April,April - June 2017
"Uvadex® (methoxsalen) injection, solution",Embolism and thrombosis,양성,pure_update,2017,April,April - June 2017
"Zyclara (imiquimod) cream, 2.5%, for topical use",Drug induced vitiligo-like depigmentation,보류,pending,2017,April,April - June 2017
"Zyclara (imiquimod) cream, 3.75%, for topical use",Drug induced vitiligo-like depigmentation,보류,pending,2017,April,April - June 2017
infusion,Docetaxel and neutropenic enterocolitis,양성,pure_update,2017,April,April - June 2017
oral suspension,Medication error: administration error,양성,trunc_unverified,2017,April,April - June 2017
"Actemra (tocilizumab) injection, for intravenous and subcutaneous use",Tocilizumab and pancreatitis,보류,pending,2017,July,July - September 2017
"Actemra (tocilizumab) injection, for intravenous or subcutaneous use",Tocilizumab and hepatotoxicity,보류,pending,2017,July,July - September 2017
"Antara (fenofibrate) capsules, for oral useFenoglide (fenofibrate) tablets, for oral useFibricor (fenofibric acid) tablets, for oral useLipofen (fenofibrate capsules",Serious skin reactions,보류,pending,2017,July,July - September 2017
"Avelox (moxifloxacin hydrochloride) injection, for intravenous useAvelox (moxifloxacin hydrochloride) tablets, for oral useCipro (ciprofloxacin hydrochloride), for oral suspensionCipro IV (ciprofloxacin) injection, for intravenous useCipro (ciprofloxacin hydrochloride) tablet, for oral useCipro XR (ciprofloxacin) extended-release tablets, for oral useFactive (gemifloxacin mesylate) tabletsLevaquin (levofloxacin) injection, solution for intravenous useLevaquin (levofloxacin), solution for oral useLevaquin (levofloxacin) tablet, film coated for oral useMoxifloxacin injection, for intravenous use",Hypoglycemic coma,보류,pending,2017,July,July - September 2017
Cetirizine hydrochlorideHydroxyzineLevocetirizine dihydrochloride,Rebound Pruritis,보류,pending,2017,July,July - September 2017
"Imbruvica (ibrutinib) capsules, for oral use",Hepatotoxicity,보류,pending,2017,July,July - September 2017
"Imbruvica (ibrutinib) capsules, for oral use",Ventricular arrhythmia,양성,pure_update,2017,July,July - September 2017
Methotrexate injection,"Drug interaction with nitrous oxide - potentiated effect of methotrexate on folate metabolism, resulting in increased toxicity (severe myelosuppression, stomatitis, and neurotoxicity)",보류,pending,2017,July,July - September 2017
Nafcillin Injection,Acute renal failure,보류,pending,2017,July,July - September 2017
"Ocaliva (obeticholic acid) tablets, for oral use",Liver injury,보류,pending,2017,July,July - September 2017
Pseudoephedrine,Acute generalized exanthematous pustulosis,보류,pending,2017,July,July - September 2017
Rheumatrex (methotrexate sodium) tabletsMethotrexate tablets,Wrong dosing frequency errors (once daily administration instead of intended once weekly schedule),보류,pending,2017,July,July - September 2017
"Soliris (eculizumab) injection, for intravenous use",Nongroupable meningitis infections and Neisseria (other than N. meningitides) infections,보류,pending,2017,July,July - September 2017
USP,Wrong dosing frequency errors (once daily administration instead of intended once weekly schedule),보류,pending,2017,July,July - September 2017
"USP) for oral useTricor (fenofibrate) tablet, for oral useTriglide (fenofibrate) tablets, for oral useTrilipix (fenofibric acid) capsule, delayed release for oral use",Serious skin reactions,보류,pending,2017,July,July - September 2017
"USP, for intravenous use only",Acute renal failure,보류,pending,2017,July,July - September 2017
USPXatmep (methotrexate) oral solution,"Drug interaction with nitrous oxide - potentiated effect of methotrexate on folate metabolism, resulting in increased toxicity (severe myelosuppression, stomatitis, and neurotoxicity)",보류,pending,2017,July,July - September 2017
"Uptravi (selexipag) tablets, for oral use",Hypotension,양성,pure_update,2017,July,July - September 2017
"Vraylar (cariprazine) capsules, for oral use",Stevens-Johnson syndrome (SJS),보류,pending,2017,July,July - September 2017
"Xarelto (rivaroxaban) tablets, for oral use",Liver injury,음성,pure_noaction,2017,July,July - September 2017
amitriptyline bupropion citalopram duloxetine escitalopram fluoxetine paroxetine sertraline venlafaxine,Drug Reaction with Eosinophilia and Systemic Symptoms (DRESS),보류,pending,2017,July,July - September 2017
Asclera (polidocanol) injection Sotradecol (sodium tetradecyl sulfate) injection Varithena (polidocanol) injectable foam,Cardiovascular adverse events,양성,mixed_reviewed,2017,October,October - December 2017
Cytotec (misoprostol) tablets,High fevers (greater than 104 degrees Fahrenheit or 40 degrees Celsius),양성,pure_update,2017,October,October - December 2017
Emend (fosaprepitant) for injection,Infusion site reactions,보류,pending,2017,October,October - December 2017
Erythrocin Lactobionate – IV (erythromycin lactobionate) for injection,Drug interaction with HMG-CoA reductase inhibitors (lovastatin and simvastatin) extensively metabolized by CYP3A4 (enzyme) resulting in myopathy and rhabdomyolysis,보류,pending,2017,October,October - December 2017
Fortamet (metformin hydrochloride) extended-release tablets Glucophage (metformin hydrochloride) tablets Glucophage XR (metformin hydrochloride) extended-release tablets Glumetza (metformin hydrochloride) extended-release tablets Riomet (metformin hydrochloride) oral solution,Serious skin reactions,보류,pending,2017,October,October - December 2017
Lamictal (lamotrigine) tablets,Labetalol-lamotrigine name confusion/medication errors associated with serious outcomes,음성,pure_noaction,2017,October,October - December 2017
Lexiscan (regadenoson) injection,Serious cardiac adverse events following prolonged Lexiscan administration (>10 seconds),보류,pending,2017,October,October - December 2017
"Muscle Relaxants Amrix (cyclobenzaprine hydrochloride) extended release capsules Equagesic (aspirin and meprobamate) tablets Maolate (chlorphenesin carbamate) tablets Metaxalone Tablets (metaxalone) tablets Norflex (orphenadrine citrate) extended release tablets Norflex (orphenadrine citrate) injection Norgesic (aspirin, caffeine, orphenadrine citrate) tablets Parafon Forte DSC (chlorzoxazone) tablets Robaxin (methocarbamol) injection Robaxin (methocarbamol) tablets Skelaxin (metaxalone) tablets Soma (carisoprodol) tablets",Serotonin syndrome,보류,pending,2017,October,October - December 2017
ProvayBlue (methylene blue) injection,Inappropriate dilution of medication,보류,pending,2017,October,October - December 2017
Singulair (montelukast sodium) tablets,Neuropsychiatric adverse reactions,보류,pending,2017,October,October - December 2017
Sodium-Glucose Cotransporter-2 (SGLT-2) Inhibitors Farxiga (dapagliflozin) tablets Glyxambi (empagliflozin and linagliptin) tablets Invokana (canagliflozin) tablets Invokamet (canagliflozin and metformin hydrochloride) tablets Invokamet XR (canagliflozin and metformin hydrochloride extended-release) tablets Jardiance (empagliflozin) tablets Qtern (dapagliflozin and saxagliptin) tablets Synjardy (empagliflozin and metformin hydrochloride) tablets Synjardy XR (empagliflozin and metformin hydrochloride extended-release) tablets Xigduo XR (dapagliflozin and metformin hydrochloride extended-release) tablets,Fournier’s gangrene,보류,pending,2017,October,October - December 2017
Viberzi (eluxadoline) tablets,Anaphylaxis and hypersensitivity,양성,pure_update,2017,October,October - December 2017
Azathioprine tablets Azathioprine sodium injection Imuran (azathioprine) tablets Mercaptopurine tablets Purinethol (mercaptopurine) tablets Purixan (mercaptopurine) oral suspension Uloric (febuxostat) tablets,Drug-drug interaction between thiopurines and febuxostat,보류,pending,2018,April,April - June 2018
Bortezomib for injection Velcade (bortezomib) for injection,Thrombotic microangiopathy,보류,pending,2018,April,April - June 2018
Bunavail (buprenorphine and naloxone) buccal film,Bunavail (buprenorphine/naloxone buccal film) product quality issues leading to opioid withdrawal symptoms,보류,pending,2018,April,April - June 2018
Fludeoxyglucose F18 injection Fortamet (metformin hydrochloride) extended-release tablets Glucophage (Metformin Hydrochloride) tablets Glucophage XR (Metformin Hydrochloride) extended-release tablets Glumetza (Metformin Hydrochloride) extended-release tablets Metformin hydrochloride Riomet (Metformin Hydrochloride) oral solution,Laboratory interference (false positive and false negative positron emission tomography (PET) scans),보류,pending,2018,April,April - June 2018
Infuvite Adult (multiple vitamins) injection,Medication Error: Incorrect strength presentation,음성,pure_noaction,2018,April,April - June 2018
Insulin Pen Products,Wrong dose errors and other safety concerns associated with pharmacies opening cartons to dispense a single insulin pen,보류,pending,2018,April,April - June 2018
Kynamro (mipomersen sodium) injection,Angioedema,보류,pending,2018,April,April - June 2018
Methimazole tablets,Vasculitis,보류,pending,2018,April,April - June 2018
Myalept (metreleptin) for injection,Wrong dose errors associated with small (<1 mL) injection volumes,보류,pending,2018,April,April - June 2018
Natpara (parathyroid hormone) for injection,Seizures,보류,pending,2018,April,April - June 2018
Natpara (parathyroid hormone) for injection,Hypotension,보류,pending,2018,April,April - June 2018
Orencia® (abatacept) injection,Psoriasis,보류,pending,2018,April,April - June 2018
Pomalyst (pomalidomide) capsules Revlimid (lenalidomide) capsules Thalomid (thalidomide) capsules,Solid organ transplant rejection,보류,pending,2018,April,April - June 2018
Repatha (evolocumab) injection,Angioedema,보류,pending,2018,April,April - June 2018
Topamax (topiramate) capsules Topamax (topiramate) tablets Topiramate tablets and capsules,Eye-related adverse events,보류,pending,2018,April,April - June 2018
"AccuNeb (albuterol sulfate) inhalation solutionCombivent Respimat (ipratropium bromide and albuterol) inhalation sprayDuoNeb (ipratropium bromide/albuterol sulfate) inhalation solutionProAir HFA (albuterol sulfate) inhalation aerosolProair respiclick (albuterol sulfate) inhalation powder, for oral inhalation useProventil HFA (albuterol sulfate) aerosolVentolin HFA (albuterol sulfate) inhalation aerosolXopenex HFA (levalbuterol tartrate) inhalation aerosol, for oral inhalation use",Albuterol sulfate and serious skin reactions,음성,pure_noaction,2018,January,January - March 2018
Actemra (tocilizumab) injectionArcalyst (rilonacept) injectionIlaris (canakinumab) injectionKevzara (sarilumab) injectionKineret (anakinra) injection,"IL-1 and IL-6 inhibitors and pulmonary hypertension, interstitial lung disease, pulmonary alveolar proteinosis",보류,pending,2018,January,January - March 2018
Adempas (riociguat) tablets,Syncope,음성,pure_noaction,2018,January,January - March 2018
Ambien (zolpidem tartrate) tabletsLunesta (eszopiclone) tabletsSonata (zaleplon) capsules,"Somnambulism, Abnormal Sleep-related event",보류,pending,2018,January,January - March 2018
Bosulif (bosutinib) tabletsGleevec (imatinib mesylate) tabletsIclusig (ponatinib) tabletsSprycel (dasatinib) tabletsTasigna (nilotinib) capsules,Thrombotic microangiopathy,보류,pending,2018,January,January - March 2018
Bridion (sugammadex) injection,Labeling confusion - total strength expression on vial obscured by peel-off sticker intended for syringe,보류,pending,2018,January,January - March 2018
Bridion (sugammadex) injection,Laryngospasm,보류,pending,2018,January,January - March 2018
Bridion (sugammadex) injection,Bronchospasm,보류,pending,2018,January,January - March 2018
Carnitor (levocarnitine) injectionCarnitor (levocarnitine) oral solutionCarnitor (levocarnitine)tabletsCarnitor SF (levocarnitine) sugar-free oral solution,Hypersensitivity and anaphylaxis,양성,pure_update,2018,January,January - March 2018
Insulin Pen ProductsApidra (insulin glulisine) injectionBasaglar (insulin glargine) injectionFiasp (insulin aspart) injectionHumulin (human isophane insulin and human insulin) injectable suspensionHumalog (insulin lispro) injectionLantus (insulin glargine) injectionLevemir (insulin detemir) injectionNovolog (insulin aspart) injectionRyzodeg (insulin degludec and insulin aspart) injectionSoliqua (insulin glargine and lixisenatide) injectionToujeo (insulin glargine) injectionTresiba (insulin degludec) injectionXultophy (insulin degludec and liraglutide) injection,Product use error – failure to remove inner needle cover,보류,pending,2018,January,January - March 2018
Kinevac (sincalide) for injection,"Anaphylaxis, anaphylactic shock, and other hypersensitivity reactions",양성,pure_update,2018,January,January - March 2018
Lamictal (lamotrigine) tablets,Hemophagocytic lymphohistocytosis (HLH),양성,pure_update,2018,January,January - March 2018
Ninlaro (ixazomib) capsules,Product packaging quantity issues (empty unit dose blister cells),음성,pure_noaction,2018,January,January - March 2018
Noxafil (posaconazole) delayed-release tabletsNoxafil (posaconazole) injectionNoxafil (posaconazole) oral suspensionSporanox (itraconazole) capsulesSporanox (itraconazole) injection,Mineralocorticoid excess,보류,pending,2018,January,January - March 2018
Propylthiouracil tablets,Fatal cases of antineutrophil cytoplasmic antibody (ANCA)-associated vasculitis,보류,pending,2018,January,January - March 2018
"Varubi (rolapitant) tabletsVarubi (rolapitant) injectable emulsion, for intravenous use",Infusion related and hypersensitivity reactions,보류,pending,2018,January,January - March 2018
Volumen (barium sulfate),Name confusion with Voluven (hydroxyethyl starch),보류,pending,2018,January,January - March 2018
Abilify (aripiprazole) Clozaril (clozapine) Fanapt (iloperidone) Geodon (ziprasidone hydrochloride) Invega (paliperidone) Latuda (lurasidone hydrochloride) Nuplazid (pimavanserin) Rexulti (brexpiprazole) Risperdal (risperidone) Saphris (asenapine) sublingual Seroquel (quetiapine fumarate) Vraylar (cariprazine) Zyprexa (olanzapine) Generic products containing atypical antipsychotics,Atypical antipsychotics and serotonin syndrome,보류,pending,2018,July,July - September 2018
Amphetamines and amphetamine congeners for management of obesity Desoxyn (methamphetamine hydrochloride) tablets Didrex (benzphetamine hydrochloride) tablets Phendimetrazine Tartrate extended-release capsules Qsymia (phentermine and topiramate) extended-release capsules Tenuate (diethylpropion hydrochloride) immediate-release tablets Tenuate Dospan (diethylpropion hydrochloride) controlled-release tablets Generic products containing amphetamine and amphetamine congeners for management of obesity,Death and sudden death,보류,pending,2018,July,July - September 2018
"Brilinta (ticagrelor) tablets Crestor (rosuvastatin calcium) tablets Lipitor (atorvastatin calcium) tablet Liptruzet (ezetimibe and atorvastatin) tablets Caduet (amlodipine, atorvastatin calcium) Generic products containing rosuvastatin or atorvastatin Generic products containing ticagrelor",Rhabdomyolysis due to Drug-Drug Interaction between ticagrelor and certain HMG-CoA reductase inhibitors (atorvastatin and rosuvastatin),보류,pending,2018,July,July - September 2018
Brilinta (ticagrelor) tablets Generic product containing ticagrelor,Central sleep apnea associated with the use of ticagrelor,보류,pending,2018,July,July - September 2018
Campath (alemtuzumab) injection Lemtrada (alemtuzumab) injection,Hemophagocytic Lymphohistiocytosis (HLH),음성,pure_noaction,2018,July,July - September 2018
Campath (alemtuzumab) injection Lemtrada (alemtuzumab) injection,"Stroke, intracranial hemorrhage, and/or cervicocephalic arterial dissection",양성,pure_update,2018,July,July - September 2018
Daptomycin injection,Infusion - related reactions,양성,oldformat_reviewed,2018,July,July - September 2018
Eliquis (apixaban) tablets Pradaxa (dabigatran etexilate mesylate) capsules Savaysa (edoxaban) tablets Xarelto (Rivaroxaban),Acute kidney injury,보류,pending,2018,July,July - September 2018
"Genvoya (elvitegravir, cobicistat, emtricitabine, and tenofovir alafenamide) tablets Odefsey (rilpivirine, emtricitabine, and tenofovir alafenamide) tablets Descovy (emtricitabine and tenofovir alafenamide) tablets Vemlidy (tenofovir and alafenamide) tablets Biktarvy (bictegravir, emtricitabine, and tenofovir alafenamide) tablets",Hypersensitivity,보류,pending,2018,July,July - September 2018
Injectible insulins and insulin analogs,Cutaneous amyloidosis,보류,pending,2018,July,July - September 2018
Intravenous iron replacement products Feraheme (ferumoxytol) injection Ferrlecit (sodium ferric gluconate complex in sucrose) injection INFeD (iron dextran) injection Injectafer (ferric carboxymaltose) injection Venofer (iron sucrose) injection,Fatal and severe hypersensitivity reactions,보류,pending,2018,July,July - September 2018
Ocrevus (ocrelizumab) injection,Anaphylaxis,보류,pending,2018,July,July - September 2018
PCSK9 Inhibitors Praluent (alirocumab) injection Repatha (evolocumab) injection,Influenza-like illness,양성,pure_update,2018,July,July - September 2018
Pegfilgrastim injection products,"Alveolar hemorrhage, hemoptysis",보류,pending,2018,July,July - September 2018
Phenol,Serious adverse events associated with teething,보류,pending,2018,July,July - September 2018
Proton Pump Inhibitors AcipHex (rabeprazole sodium) delayed-release tablets AcipHex Sprinkle (rabeprazole sodium) delayed-release capsules Dexilant (dexlansoprazole) delayed release capsules Esomeprazole Strontium delayed-release capsules Nexium (esomeprazole magnesium) delayed-release capsules,Rebound acid hypersecretion,음성,pure_noaction,2018,July,July - September 2018
"Rituxan Hycela (rituximab and hyaluronidase human) injection, and rituximab for injection products",Incorrect route of administration,보류,pending,2018,July,July - September 2018
Xifaxan (rifaximin) tablets,Rhabdomyolysis,보류,pending,2018,July,July - September 2018
delayed- release oral suspension Nexium IV (esomeprazole sodium) for injection Pantoprazole Sodium for injection Prevacid (lansoprazole) delayed-release capsules Prevacid SoluTab (lansoprazole) delayed-release orally disintegrating tablets Prilosec (omeprazole) delayed-release capsules Protonix (pantoprazole sodium) delayed-release tablets,Rebound acid hypersecretion,음성,pure_noaction,2018,July,July - September 2018
delayed-release oral suspension Protonix IV (pantoprazole sodium) for injection Zegerid (omeprazole and sodium bicarbonate) powder for oral suspension and capsules Generic products containing proton-pump inhibitors,Rebound acid hypersecretion,음성,pure_noaction,2018,July,July - September 2018
Abilify (aripiprazole)Abilify Discmelt (aripiprazole) tabletAbilify Maintena (aripiprazole) injectionAbilify MyCite (aripiprazole tablets with sensor) tabletAristada (aripiprazole lauroxil)Generic products containing aripiprazole,"Acute generalized exanthematous pustulosis, Drug reaction with eosinophilia and systemic symptoms, Stevens-Johnson syndrome, and toxic epidermal necrolysis",양성,pure_update,2018,October,October - December 2018
Aimovig (erenumab-aooe) injection,Hypersensitivity events,양성,pure_update,2018,October,October - December 2018
"Anoro Ellipta (umeclidinium and vilanterol)Arnuity Ellipta (fluticasone furoate)Breo Ellipta (fluticasone furoate and vilanterol)Incruse Ellipta (umeclidinium)Trelegy Ellipta (fluticasone furoate, vilanterol, and umeclidinium)",Medication errors: wrong drug,음성,mixed_reviewed,2018,October,October - December 2018
Antara (fenofibrate) capsuleFenoglide (fenofibrate) tabletFibricor (fenofibric acid) tabletLipofen (fenofibrate) capsuleTriCor (fenofibrate) tabletTriCor NFE (fenofibrate) tabletTriglide (fenofibrate) tabletTrilipix (fenofibric acid) capsuleGeneric products containing fenofibrate,Interstitial lung disease,양성,pure_update,2018,October,October - December 2018
Belbuca (buprenorphine hydrochloride) filmBunavail (buprenorphine hydrochloride and naloxone hydrochloride) filmCassipa (buprenorphine hydrochloride and naloxone hydrochloride) filmSuboxone (buprenorphine and naloxone) tabletSuboxone (buprenorphine and naloxone) filmSubutex (buprenorphine hydrochloride) tabletZubsolv (buprenorphine hydrochloride and naloxone hydrochloride) tabletGeneric oral products containing buprenorphine hydrochloride or buprenorphine hydrochloride and naloxone hydrochloride,Drug-induced dental caries,양성,trunc_verified,2018,October,October - December 2018
Bosulif (bosutinib monohydrate) film,Cardiac failure,양성,pure_update,2018,October,October - December 2018
Chlorpromazine hydrochloride,"Drug reaction with eosinophilia and systemic symptoms, Stevens-Johnson syndrome, and toxic epidermal necrolysis",양성,pure_update,2018,October,October - December 2018
Cinvanti (aprepitant) injection,"Hypersensitivity reactions, including anaphylaxis",양성,pure_update,2018,October,October - December 2018
Clozaril (clozapine) tabletFazaClo ODT (clozapine) tabletVersacloz (clozapine) suspensionGeneric products containing clozapine,Stevens-Johnson syndrome and toxic epidermal necrolysis,음성,pure_noaction,2018,October,October - December 2018
Gilenya (fingolimod) capsule,Hemolytic anemia,양성,pure_update,2018,October,October - December 2018
Gralise (gabapentin) tabletHorizant (gabapentin enacarbil) tabletLyrica (pregabalin) capsuleLyrica (pregabalin) solutionLyrica CR (pregabalin) tabletNeurontin (gabapentin)Generic products containing gabapentin or pregabalin,Respiratory depression,양성,pure_update,2018,October,October - December 2018
Gralise (gabapentin) tabletHorizant (gabapentin enacarbil) tabletLyrica (pregabalin) capsuleLyrica (pregabalin) solutionLyrica CR (pregabalin) tabletNeurontin (gabapentin)Generic products containing gabapentin or pregabalin,Bullous pemphigoid,양성,pure_update,2018,October,October - December 2018
Haldol (haloperidol) injectionHaldol (haloperidol) decanoate injectionHaloperidol injection,"Acute generalized exanthematous pustulosis, Drug reaction with eosinophilia and systemic symptoms, Stevens-Johnson syndrome, and toxic epidermal necrolysis",음성,mixed_reviewed,2018,October,October - December 2018
Inlyta (axitinib) tabletCoumadin (warfarin sodium) tabletGeneric products containing warfarin sodium,Drug interaction between axitinib and warfarin,음성,mixed_reviewed,2018,October,October - December 2018
Invega (paliperidone) tabletInvega Sustenna (paliperidone palmitate) suspensionInvega Trinza (paliperidone)Generic products containing paliperidone,"Drug reaction with eosinophilia and systemic symptoms, Stevens-Johnson syndrome, and toxic epidermal necrolysis",음성,mixed_reviewed,2018,October,October - December 2018
Lithium carbonate capsuleLithium carbonate tabletLithium citrate syrupLithobid (lithium carbonate) tabletGeneric products containing lithium carbonate and lithium citrate,"Acute generalized exanthematous pustulosis, Drug reaction with eosinophilia and systemic symptoms, Stevens-Johnson syndrome and toxic epidermal necrolysis",양성,pure_update,2018,October,October - December 2018
Lovenox (enoxaparin sodium) injectionGeneric products containing enoxaparin sodium,Device malfunction,양성,pure_update,2018,October,October - December 2018
Risperdal Consta (risperidone) injectionRisperdal M-tab (risperidone) tabletGeneric products containing risperidone,"Acute generalized exanthematous pustulosis, Drug reaction with eosinophilia and systemic symptoms, Stevens-Johnson syndrome and toxic epidermal necrolysis",보류,pending,2018,October,October - December 2018
Rituxan (rituximab) solutionRituxan Hycela (hyaluronidase human and rituximab) injection,Pyoderma gangrenosum,양성,pure_update,2018,October,October - December 2018
Sensipar (cinacalcet hydrochloride) capsuleParsabiv (etelcalcetide) injectionProlia (denosumab) injectionXgeva (denosumab) injection,Drug interaction between calcimimetics (i.e. cinacalcet hydrochloride or etelcalcetide) and denosumab,양성,trunc_verified,2018,October,October - December 2018
Seroquel (quetiapine fumarate) tabletSeroquel XR (quetiapine fumarate) tabletGeneric products containing quetiapine,"Acute generalized exanthematous pustulosis, Drug reaction with eosinophilia and systemic symptoms, Stevens-Johnson syndrome and toxic epidermal necrolysis",양성,pure_update,2018,October,October - December 2018
Stivarga (regorafenib) tablet,Cardiac failure,양성,pure_update,2018,October,October - December 2018
Sutent (sunitinib) capsuleInlyta (axitinib) tabletNexavar (sorafenib tosylate) tabletVotrient (pazopanib) tablet,Aortic dissection,음성,mixed_reviewed,2018,October,October - December 2018
Tagrisso (osimertinib) tablet,"Severe cutaneous adverse events (SCAR): Stevens-Johnson syndrome, toxic epidermal necrolysis, erythema multiforme, and bullous pemphigoid",양성,pure_update,2018,October,October - December 2018
Zyprexa (olanzapine) tabletZyprexa Zydis (olanzapine) tabletZyprexa (olanzapine) injectionZyprexa Relprevv (olanzapine) injectionGeneric products containing olanzapine,"Acute generalized exanthematous pustulosis, Stevens-Johnson syndrome, and toxic epidermal necrolysis",음성,mixed_reviewed,2018,October,October - December 2018
Zytiga (abiraterone acetate)Yonsa (abiraterone acetate)Generic products containing abiraterone,QT prolongation,양성,pure_update,2018,October,October - December 2018
Bactrim DS (sulfamethoxazole and trimethoprim) Septra (sulfamethoxazole and trimethoprim) Generic products containing sulfamethoxazole and trimethoprim Updated Sulfatrim (sulfamethoxazole and trimethoprim)*,Hypersensitivity/Acute respiratory failure,양성,trunc_verified,2019,April,April - June 2019
Fasenra (benralizumab) Updated Cinqair (reslizumab)*,Herpes zoster,음성,mixed_reviewed,2019,April,April - June 2019
Fasenra (benralizumab) Updated Nucala (mepolizumab)* Cinqair (reslizumab)*,Flu-like illness,음성,mixed_reviewed,2019,April,April - June 2019
Feraheme (ferumoxytol) Ferrlecit (sodium ferric gluconate) INFeD (iron dextran) Injectafer (ferric carboxymaltose) Venofer (iron sucrose) Generic products containing sodium ferric gluconate,Fetal death,양성,trunc_verified,2019,April,April - June 2019
"Gamunex-C [Immune Globulin (Human), 10% Caprylate/Chromatography Purified]",Increased hypersensitivity reactions in patients receiving certain product lots,음성,mixed_reviewed,2019,April,April - June 2019
Gilenya (fingolimod),Tumefactive multiple sclerosis,양성,pure_update,2019,April,April - June 2019
Gilenya (fingolimod),Thrombocytopenia,양성,pure_update,2019,April,April - June 2019
HMG-CoA reductase inhibitors Altoprev (lovastatin) Caduet (amlodipine besylate and atorvastatin calcium) Crestor (rosuvastatin calcium) Ezallor (rosuvastatin) Lescol (fluvastatin sodium) Lescol XL (fluvastatin sodium) Liptruzet (atorvastatin and ezetimibe) Livalo (pitavastatin) Pitavastatin Pravachol (pravastatin sodium) Zocor (simvastatin) Zypitamag (pitavastatin magnesium ) Generic products containing HMG-CoA reductase inhibitors,Immune-mediated necrotizing myopathy,양성,trunc_verified,2019,April,April - June 2019
Increlex (mecasermin),Malignancies,양성,pure_update,2019,April,April - June 2019
Livalo (pitavastatin) Zypitamag (pitavastatin magnesium ),Drug hypersensitivity,양성,trunc_verified,2019,April,April - June 2019
Mavyret (glecaprevir and pibrentasvir),Hypersensitivity: angioedema and anaphylaxis,양성,pure_update,2019,April,April - June 2019
Ninlaro (ixazomib),Thrombotic microangiopathy (TMA),양성,pure_update,2019,April,April - June 2019
Nipent (pentostatin) Generic products containing pentostatin,Thrombotic microangiopathy (TMA),양성,pure_update,2019,April,April - June 2019
Onfi (clobazam) Generic products containing clobazam,Drug rash with eosinophilia and systemic symptoms (DRESS),양성,pure_update,2019,April,April - June 2019
Orbactiv (oritavancin diphosphate),Anaphylaxis,양성,pure_update,2019,April,April - June 2019
Orencia (abatacept),Angioedema,양성,pure_update,2019,April,April - June 2019
Sensipar (cinacalcet hydrochloride) Generic products containing cinacalcet hydrochloride,Chondrocalcinosis pyrophosphate,양성,pure_update,2019,April,April - June 2019
Tecfidera (dimethyl fumarate),Serious herpes infection,양성,pure_update,2019,April,April - June 2019
Udenyca (pegfilgrastim-cbqv) Prolia (denosumab),Medication error – Labeling confusion (wrong drug errors),양성,pure_update,2019,April,April - June 2019
Velphoro (sucroferric oxyhydroxide),Hemoglobin increased,음성,mixed_reviewed,2019,April,April - June 2019
Vivitrol (naltrexone hydrochloride),Medication Error - Patient self-administration errors,양성,trunc_verified,2019,April,April - June 2019
Xofluza (baloxavir marboxil),Anaphylaxis and angioedema,양성,pure_update,2019,April,April - June 2019
Xofluza (baloxavir marboxil),Medication error - Labeling confusion (wrong dose errors),양성,pure_update,2019,April,April - June 2019
Yondelis (trabectedin),Interstitial lung disease and mucositis,양성,pure_update,2019,April,April - June 2019
Afinitor (everolimus) Afinitor Disperz (everolimus) Nexavar (sorafenib tosylate),Thrombotic microangiopathy,양성,pure_update,2019,January,January - March 2019
Aimovig (erenumab-aooe) injection Aljovy (fremanezumab-vfrm) injection Emgality (galcanezumab-gnlm) injection,Constipation,양성,mixed_reviewed,2019,January,January - March 2019
"Amoxil (amoxicillin) Augmentin (amoxicillin and clavulanate potassium) Moxatag (amoxicillin) Omeclamox-Pak (omeprazole, amoxicillin, and clarithromycin) Prevpac (amoxicillin, clarithromycin, and lansoprazole) Generic products containing amoxicillin",Aseptic meningitis,양성,pure_update,2019,January,January - March 2019
Bavencio (avelumab) Imfinzi (durvalumab) Opdivo (nivolumab) Tecentriq (atezolizumab),Solid organ transplant rejection,양성,pure_update,2019,January,January - March 2019
"Daklinza (daclatasvir dihydrochloride) tablet Epclusa (sofosbuvir and velpatasvir) tablet Harvoni (ledipasvir and sofosbuvir) tablet Mavyret (glecaprevir and pibrentasvir) tablet Sovaldi (sofosbuvir) tablets Technivie (ombitasvir, paritaprevir, and ritonavir) Viekira Pak (dasabuvir, ombitasvir, paritaprevir, and ritonavir) tablet Viekira XR (dasabuvir, ombitasvir, paritaprevir, and ritonavir) tablet Vosevi (sofosbuvir, velpatasvir, and voxilaprevir) tablet Zepatier (elbasvir and grazoprevir) tablet",Dysglycemia,양성,trunc_verified,2019,January,January - March 2019
Esbriet (pirfenidone),Drug induced liver injury,양성,pure_update,2019,January,January - March 2019
Forteo (teriparatide),"Cutaneous calcification, including calciphylaxis",양성,pure_update,2019,January,January - March 2019
Fulphila (pegfilgrastim-jmdb) Neulasta (pegfilgrastim) Updated Udenyca (pegfilgrastim-cbqv)*,Wrong dose errors in pediatric patients,양성,trunc_verified,2019,January,January - March 2019
Gilenya (fingolimod) capsule Generic products containing fingolimod,Serious hepatotoxicity,양성,trunc_verified,2019,January,January - March 2019
Lamictal (lamotrigine) Generic products containing lamotrigine,Brugada syndrome,양성,pure_update,2019,January,January - March 2019
"Mavyret (glecaprevir and pibrentasvir) tablet Vosevi (sofosbuvir, velpatasvir, and voxilaprevir) tablet Zepatier (elbasvir and grazoprevir) tablet",Hepatic decompensation and hepatic failure,양성,trunc_verified,2019,January,January - March 2019
Non-steroidal anti-inflammatory drugs (NSAIDs),Drug reaction with eosinophilia and systemic symptoms (DRESS),양성,pure_update,2019,January,January - March 2019
Pomalyst (pomalidomide),Thyroid disorders,양성,pure_update,2019,January,January - March 2019
Rubidium Rb 82 generators CardioGen 82 Ruby-Fill,Excess radiation exposure to the patient due to elution of the generator with an incorrect solution containing calcium,양성,trunc_verified,2019,January,January - March 2019
Signifor (pasireotide) Signifor LAR (pasireotide),Ketoacidosis,양성,pure_update,2019,January,January - March 2019
"Sustiva (efavirenz) Symfi Lo (efavirenz, lamivudine, tenofovir disoproxil fumarate) Symfi (efavirenz, lamivudine, tenofovir disoproxil fumarate) Atripla (efavirenz, emtricitabine, tenofovir disoproxil fumarate) Generic products containing efavirenz",Ataxia and encephalopathy,양성,trunc_verified,2019,January,January - March 2019
Tygacil (tigecycline) Generic products containing tigecycline,Hypofibrinogenemia,양성,pure_update,2019,January,January - March 2019
Vidaza (azacitidine) Generic products containing azacitidine Updated Dacogen (decitabine)*,Differentiation syndrome,양성,trunc_verified,2019,January,January - March 2019
Zydelig (idelalisib),Heart failure,음성,pure_noaction,2019,January,January - March 2019
amoxicillin and clavulanate potassium,Aseptic meningitis,양성,pure_update,2019,January,January - March 2019
"and amoxicillin, clarithromycin, and lansoprazole",Aseptic meningitis,양성,pure_update,2019,January,January - March 2019
"omeprazole, amoxicillin, and clarithromycin",Aseptic meningitis,양성,pure_update,2019,January,January - March 2019
"Biktarvy (bictegravir, emtricitabine, and tenofovir alafenamide) Descovy (emtricitabine and tenofovir alafenamide) Genvoya (elvitegravir, cobicistat, emtricitabine, and tenofovir alafenamide) Odefsey (emtricitabine, rilpivirine, and tenofovir alafenamide) Symtuza (darunavir, cobicistat, emtricitabine, and tenofovir alafenamide) Vemlidy (tenofovir alafenamide)",Renal toxicity,양성,trunc_verified,2019,July,July - September 2019
Bosulif (bosutinib monohydrate) Gleevec (imatinib mesylate) Iclusig (ponatinib) Generic products containing imatinib,Thyroid dysfunction,양성,pure_update,2019,July,July - September 2019
Cisplatin Generic products containing cisplatin,Aortic thrombosis,음성,mixed_reviewed,2019,July,July - September 2019
Cyclin-Dependent Kinase 4 and 6 (CDK 4 and CDK 6) InhibitorsIbrance (palbociclib)Kisqali (ribociclib)Kisqali Femara Co-Pack (letrozole and ribociclib)Verzenio (abemaciclib),Interstitial Lung Disease/Pneumonitis,양성,pure_update,2019,July,July - September 2019
Elmiron (pentosan polysulfate sodium),Eye disorders,양성,pure_update,2019,July,July - September 2019
Firvanq (vancomycin hydrochloride) Vancocin (vancomycin hydrochloride) Generic products containing vancomycin,"Serious cutaneous adverse reactions, including Drug reaction with eosinophilia and systemic symptoms (DRESS), Stevens-Johnson syndrome (SJS), Toxic epidermal necrolysis (TEN), Acute generalized exanthematous pustulosis (AGEP), and Linear IgA disease",양성,trunc_verified,2019,July,July - September 2019
FluoroquinolonesAvelox (moxifloxacin hydrochloride)Bexdela (delafloxacin meglumine)Cipro (ciprofloxacin)Cipro XR (ciprofloxacin)Factive (gemifloxacin mesylate)Levaquin (levofloxacin)MoxifloxacinGeneric products containing fluoroquinolones,Risk of mitral and aortic regurgitation,음성,mixed_reviewed,2019,July,July - September 2019
Glatiramer Acetate,Drug device usage errors,양성,trunc_verified,2019,July,July - September 2019
Kybella (deoxycholic acid),Injection site scarring,양성,pure_update,2019,July,July - September 2019
Olumiant (baricitinib),Hypersensitivity reaction,양성,pure_update,2019,July,July - September 2019
Orbactiv (oritavancin diphosphate),Infusion-related reactions,양성,pure_update,2019,July,July - September 2019
Tacrolimus capsule,Therapeutic inequivalence,양성,pure_update,2019,July,July - September 2019
Xeloda (capecitabine) Generic products containing capecitabine,Cerebellar toxicity,음성,mixed_reviewed,2019,July,July - September 2019
Xofluza (baloxavir marboxil),Serious skin reactions,양성,pure_update,2019,July,July - September 2019
Yescarta (axicabtagene ciloleucel),Dysphagia,양성,pure_update,2019,July,July - September 2019
Aimovig (erenumab-aooe),Hypertension,양성,pure_update,2019,October,October - December 2019
Belsomra (suvorexant),"Fall, serious injuries",양성,pure_update,2019,October,October - December 2019
"Epclusa (sofosbuvir and velpatasvir) Harvoni (ledipasvir and sofosbuvir) Vosevi (sofosbuvir, velpatasvir, and voxilaprevir)",Interaction with bariatric surgery: treatment failure,음성,mixed_reviewed,2019,October,October - December 2019
Glucagon-like peptide-1 (GLP-1) receptor agonists (RAs) Adlyxin (lixisenatide) Byetta (exenatide) Bydureon (exenatide) Bydureon BCISE (exenatide) Ozempic (semaglutide) Rybelsus (semaglutide) Saxenda (liraglutide) Soliqua (insulin glargine and lixisenatide) Tanzeum (albiglutide) Trulicity (dulaglutide) Victoza (liraglutide) Xultophy 100/3.6 (insulin degludec and liraglutide),Diabetic ketoacidosis,음성,mixed_reviewed,2019,October,October - December 2019
Impavido (miltefosine),Eye disorders,음성,mixed_reviewed,2019,October,October - December 2019
Myxredlin (insulin human in 0.9% sodium chloride),Medication error: labeling confusion,양성,pure_update,2019,October,October - December 2019
Ocrevus (ocrelizumab),Serious herpes viral infection,양성,pure_update,2019,October,October - December 2019
Proton pump inhibitors AcipHex (rabeprazole sodium) AcipHex Sprinkle (rabeprazole sodium) Dexilant (dexlansoprazole) Nexium (esomeprazole magnesium) Nexium IV (esomeprazole sodium) Nexium 24 HR (esomeprazole magnesium) Prevacid (lansoprazole) Prevacid 24HR (lansoprazole) Prevacid SoluTab (lansoprazole) Prilosec (omeprazole) Prilosec OTC (omeprazole magnesium) Protonix (pantoprazole sodium) Protonix IV (pantoprazole sodium) Vimovo (esomeprazole magnesium and naproxen) Yosprala (aspirin and omeprazole) Zegerid (omeprazole and sodium bicarbonate) Zegerid OTC (omeprazole and sodium bicarbonate) Generic products containing proton pump inhibitors,Acute generalized exanthematous pustulosis (AGEP),양성,trunc_verified,2019,October,October - December 2019
Rilutek (riluzole) Tiglutik (riluzole),Pancreatitis,양성,pure_update,2019,October,October - December 2019
Vasostrict (vasopressin),Diabetes insipidus,양성,pure_update,2019,October,October - December 2019
Aimovig (erenumab-aooe),Wrong strength,음성,pure_noaction,2020,April,April - June 2020
Aimovig (erenumab-aooe),Product preparation error,양성,pure_update,2020,April,April - June 2020
Ajovy (fremanezumab-vfrm) Aimovig (erenumab-aooe) Emgality (galcanezumab-gnlm) Vyepti (eptinezumab-jjmr),Stevens-Johnson syndrome (SJS),음성,mixed_reviewed,2020,April,April - June 2020
Aubagio (teriflunomide) Generic products containing teriflunomide,Drug reaction with eosinophilia and systemic symptoms (DRESS),양성,pure_update,2020,April,April - June 2020
Darzalex (daratumumab) Darzalex Faspro (daratumumab and hyaluronidase-fihj),Listeriosis,양성,pure_update,2020,April,April - June 2020
Erleada (apalutamide),Toxic epidermal necrolysis,양성,pure_update,2020,April,April - June 2020
Fibric acid derivativesAntara (fenofibrate)Fenoglide (fenofibrate)Fibricor (fenofibric acid)Lipofen (fenofibrate)Triglide (fenofibrate)Tricor (fenofibrate)Trilipix (fenofibric acid)Generic products containing fibric acid derivatives,Drug-induced liver injury,양성,pure_update,2020,April,April - June 2020
Glucagon-like peptide 1 (GLP-1) Receptor AgonistsAdlyxin (lixisenatide)Bydureon (exenatide)Bydureon BCise (exenatide)Byetta (exenatide)Ozempic (semaglutide)Rybelsus (semaglutide)Saxenda (liraglutide)Soliqua (insulin glargine and lixisenatide)Tanzeum (albiglutide)Trulicity (dulaglutide)Victoza (liraglutide)Xultophy (insulin degludec/liraglutide),Hypoglycemia,양성,mixed_reviewed,2020,April,April - June 2020
Ibrance (palbociclib),Stevens-Johnson syndrome,음성,mixed_reviewed,2020,April,April - June 2020
Kadcyla (ado-trastuzumab emtansine),"Skin vascular abnormalities (e.g., telangiectasia, spider nevus, spider angioma)",음성,pure_noaction,2020,April,April - June 2020
"Kisqali (ribociclib) Kisqali Femara co-pack (ribociclib, letrozole)",Stevens-Johnson syndrome,양성,pure_update,2020,April,April - June 2020
Lipitor (atorvastatin),Drug interaction between atorvastatin and hepatitis C virus (HCV) NS5A/NS5B inhibitors,양성,pure_update,2020,April,April - June 2020
Mammalian target of rapamycin (mTOR) inhibitorsAfinitor (everolimus)Afinitor Disperz (everolimus)Torisel (temsirolimus)Associated generic products containing everolimus or temsirolimus,Radiation recall phenomenon,양성,mixed_reviewed,2020,April,April - June 2020
Nuzyra (omadacycline tosylate),Wrong dose,음성,pure_noaction,2020,April,April - June 2020
Ocaliva (obeticholic acid),Liver disorder,양성,trunc_verified,2020,April,April - June 2020
Ocrevus (ocrelizumab),Hepatitis B reactivation,양성,trunc_verified,2020,April,April - June 2020
Plaquenil (hydroxychloroquine sulfate) Chloroquine phosphate Generic products containing hydroxychloroquine and chloroquine,Cardiotoxicity,양성,pure_update,2020,April,April - June 2020
Proton Pump InhibitorsAciphex (rabeprazole sodium)Dexilant (dexlansoprazole)Esomeprazole strontiumNexium (esomeprazole magnesium)Prevacid (lansoprazole)Prilosec (omeprazole)Protonix (pantoprazole sodium)Vimovo (esomeprazole magnesium and naproxen)Yosprala (aspirin and omeprazole)Zegerid (omeprazole and sodium bicarbonate)Generic products containing proton pump inhibitors,Hypocalcemia and parathyroid hormone disorders,양성,pure_update,2020,April,April - June 2020
Sublocade (buprenorphine),Injection site necrosis,양성,pure_update,2020,April,April - June 2020
Tysabri (natalizumab),Neonatal thrombocytopenia,양성,trunc_verified,2020,April,April - June 2020
Vinca alkaloidsVincristine sulfateVinblastine sulfateVinorelbine tartrate,Incorrect route of product administration,양성,pure_update,2020,April,April - June 2020
Xiidra (lifitegrast),Hypersensitivity,음성,pure_noaction,2020,April,April - June 2020
Xtandi (enzalutamide),Severe cutaneous adverse reactions,양성,pure_update,2020,April,April - June 2020
Zolgensma (onasemnogene abeparvovec-xioi),Thrombotic microangiopathy,양성,pure_update,2020,April,April - June 2020
Bridion (sugammadex) injection,Arteriospasm coronary (coronary vasospasm),양성,pure_update,2020,January,January - March 2020
Bydureon (exenatide)Bydureon BCise (exenatide)Byetta (exenatide),Thrombocytopenia,양성,pure_update,2020,January,January - March 2020
Central Nervous System (CNS) stimulants and atomoxetineAmphetamineAmphetamine aspartateAmphetamine aspartate monohydrateAmphetamine sulfateAtomoxetineAtomoxetine hydrochlorideDexmethylphenidateDexmethylphenidate hydrochlorideDextroamphetamineDextroamphetamine resin complexDextroamphetamine saccharateDextroamphetamine sulfateLisdexamfetamine dimesylateMethamphetamineMethamphetamine hydrochlorideMethylphenidateMethylphenidate hydrochloride,Drug interaction between CNS stimulants or atomoxetine and concomitant use of antipsychotics resulting in hyperkinetic movements,양성,pure_update,2020,January,January - March 2020
Eucrisa (crisaborole),Contact dermatitis,양성,pure_update,2020,January,January - March 2020
Lipiodol (ethiodized oil),Hypothyroidism,양성,pure_update,2020,January,January - March 2020
Plaquenil (hydroxychloroquine sulfate) Generic products containing hydroxychloroquine,Phospholipidosis,양성,pure_update,2020,January,January - March 2020
"Proton pump inhibitorsAciphex (rabeprazole sodium)Dexilant (dexlansoprazole)Esomeprazole strontiumNexium (esomeprazole magnesium)Prevacid (lansoprazole)Protonix (pantoprazole sodium)Vimovo (esomeprazole magnesium and naproxen)Yosprala (aspirin and omeprazole)Zegerid (omeprazole and sodium bicarbonate)Generic products containing proton pump inhibitors Updated Prilosec (omeprazole sodium, omeprazole magnesium)*",Syndrome of inappropriate antidiuretic hormone secretion (SIADH),양성,pure_update,2020,January,January - March 2020
Solosec (secnidazole),Alcohol interaction,양성,pure_update,2020,January,January - March 2020
Trogarzo (ibalizumab-uiyk),Anaphylactic Reaction,양성,trunc_verified,2020,January,January - March 2020
Tysabri (natalizumab),Thrombocytopenia,양성,pure_update,2020,January,January - March 2020
Vascular endothelial growth factor (VEGF) inhibitorsInlyta (axitinib)Avastin (bevacizumab)Cabometyx (cabozantinib)Caprelsa (vandetanib)Cometriq (cabozantinib)Cyramza (ramucirumab)Iclusig (ponatinib)Lenvima (lenvatinib)Mvasi (bevacizumab-awwb)Nexavar (sorafenib tosylate)Ofev (nintedanib)Stivarga (regorafenib)Sutent (sunitinib malate)Votrient (pazopanib)Zaltrap (ziv-aflibercept)Zirabev (bevacizumab-bvzr),Aneurysm and artery dissection,양성,mixed_reviewed,2020,January,January - March 2020
Xiaflex (collagenase clostridium histolyticum),Skin necrosis,양성,pure_update,2020,January,January - March 2020
Yervoy (ipilimumab),Hemophagocytic lymphohistiocytosis,양성,pure_update,2020,January,January - March 2020
Zonegran (zonisamide),Acute myopia and secondary angle closure glaucoma,양성,pure_update,2020,January,January - March 2020
Zonegran (zonisamide),Hyperammonemia and encephalopathy,양성,pure_update,2020,January,January - March 2020
Actemra (tocilizumab),Hepatitis B reactivation,음성,mixed_reviewed,2020,July,July - September 2020
Alcohol containing hand sanitizers,Blood methanol induced blindness and death,양성,oldformat_reviewed,2020,July,July - September 2020
Aubagio (teriflunomide)Generic products containing teriflunomide,Nail disorder,양성,pure_update,2020,July,July - September 2020
Aubagio (teriflunomide)Generic products containing teriflunomide,Tooth disorder,음성,mixed_reviewed,2020,July,July - September 2020
Benadryl (diphenhydramine)Generic products containing diphenhydramine hydrochloride,Drug abuse and dependence,음성,mixed_reviewed,2020,July,July - September 2020
Bosulif (bosutinib monohydrate)Gleevec (imatinib mesylate)Generic drugs containing imatinib mesylate,Facial paralysis,음성,pure_noaction,2020,July,July - September 2020
Cyklokapron (tranexamic acid) injectionGeneric products containing tranexamic acid,Wrong route of administration error (inadvertent intrathecal administration instead of recommended intravenous administration),양성,trunc_verified,2020,July,July - September 2020
"Darzalex (daratumumab) Updated Darzalex Faspro (daratumumab, hyaluronidase-fihj)*",Ocular toxicity,양성,trunc_verified,2020,July,July - September 2020
Entyvio (vedolizumab),Pancreatitis,양성,pure_update,2020,July,July - September 2020
Finasteride Plus 1.25mg capsules (compounded drug) Minoxidil (compounded drug),"Cardiac effects related to undeclared or higher than labeled dose of minoxidil that include tachycardia, low blood pressure, and salt and water retention causing swelling",양성,oldformat_reviewed,2020,July,July - September 2020
Otezla (apremilast)Generic products containing apremilast,Hypersensitivity,양성,pure_update,2020,July,July - September 2020
Polidocanol (compounded drug),Product Compounding Quality,음성,mixed_reviewed,2020,July,July - September 2020
"Proton Pump InhibitorsAcipHex (rabeprazole sodium)AcipHex Sprinkle (rabeprazole sodium)Dexilant (dexlansoprazole)Nexium (esomeprazole)Nexium 24 HR (esomeprazole magnesium)Nexium IV (esomeprazole sodium) Omeclamox-Pak (omeprazole, clarithromycin, amoxicillin)Prevacid (lansoprazole)Prevacid 24 HR (lansoprazole)Prevacid SoluTab (lansoprazole)Prilosec (omeprazole)Prilosec OTC (omeprazole magnesium) Protonix (pantoprazole)Protonix IV (pantoprazole sodium)Talicia (omeprazole magnesium, amoxicillin, ribafutin)Vimovo (esomeprazole magnesium and naproxen)Yosprala (aspirin and omeprazole)Zegerid (omeprazole and sodium bicarbonate)Zegerid OTC (omeprazole and sodium bicarbonate)Generic products containing proton pump inhibitors",Rhabdomyolysis,음성,mixed_reviewed,2020,July,July - September 2020
Rinvoq (upadacitinib),Hypersensitivity,양성,pure_update,2020,July,July - September 2020
Teflaro (ceftaroline fosamil),Neurotoxicity,양성,pure_update,2020,July,July - September 2020
Testosterone Pellets (compounded drug),Breast Cancer,음성,pure_noaction,2020,July,July - September 2020
"Updated Metronidazole oral and intravenous* Helidac Therapy (bismuth subsalicylate, metronidazole, and tetracycline hydrochloride)**Pylera (bismuth subcitrate potassium, metronidazole, and tetracycline hydrochloride)**Generic products containing metronidazole (oral and intravenous)",Torsade de pointes/ QT prolongation,양성,trunc_verified,2020,July,July - September 2020
Zinacef (cefuroxime sodium)Ceftin (cefuroxime axetil)Generic products containing cefuroxime,Kounis syndrome (Acute myocardial ischemia with or without myocardial infarction that may occur as part of an allergic reaction),양성,pure_update,2020,July,July - September 2020
Zyvox (linezolid)Generic products containing linezolid,Inappropriate antidiuretic hormone secretion,양성,pure_update,2020,July,July - September 2020
Acetaminophen,Stevens-Johnson Syndrome,보류,pending,2020,October,October - December 2020
Ajovy (fremanezumab-vfrm),Anaphylactic reaction,양성,pure_update,2020,October,October - December 2020
Albuterol sulfate inhaler,Product quality issue due to device malfunctions/failure to dispense,음성,mixed_reviewed,2020,October,October - December 2020
Alunbrig (brigatinib),Photosensitivity reaction,양성,pure_update,2020,October,October - December 2020
Ameluz (aminolevulinic acid hydrochloride),Hypersensitivity,보류,pending,2020,October,October - December 2020
Benznidazole tablets,Hepatic failure,양성,pure_update,2020,October,October - December 2020
Carac (fluorouracil),Product storage error,양성,trunc_unverified,2020,October,October - December 2020
Definity (perflutren lipid microsphere),Allergy to chemicals,보류,pending,2020,October,October - December 2020
Definity RT (perflutren lipid microsphere),Allergy to chemicals,보류,pending,2020,October,October - December 2020
Efudex (fluorouracil),Product storage error,양성,trunc_unverified,2020,October,October - December 2020
Farxiga (dapagliflozin),Diabetic ketoacidosis in patients with Type 1 diabetes mellitus,음성,mixed_reviewed,2020,October,October - December 2020
Fexinidazole tablets,Hepatic failure,양성,pure_update,2020,October,October - December 2020
Flagyl (metronidazole),Hepatic failure,양성,pure_update,2020,October,October - December 2020
Flagyl ER (metronidazole),Hepatic failure,양성,pure_update,2020,October,October - December 2020
Fluoroplex (fluorouracil),Product storage error,양성,trunc_unverified,2020,October,October - December 2020
Generic products containing aminolevulinic acid hydrochloride,Hypersensitivity,보류,pending,2020,October,October - December 2020
Generic products containing metronidazole (oral and intravenous),Hepatic failure,양성,pure_update,2020,October,October - December 2020
Generic products containing oxytocin,Accidental overdose,양성,pure_update,2020,October,October - December 2020
Gleolan (aminolevulinic acid hydrochloride),Hypersensitivity,보류,pending,2020,October,October - December 2020
Glyxambi (empagliflozin and linagliptin),Diabetic ketoacidosis in patients with Type 1 diabetes mellitus,음성,mixed_reviewed,2020,October,October - December 2020
GoLytely (polyethylene glycol 3350 and electrolytes),Aspiration,양성,pure_update,2020,October,October - December 2020
"Helidac Therapy (bismuth subsalicylate, metronidazole, and tetracycline hydrochloride)",Hepatic failure,양성,pure_update,2020,October,October - December 2020
Invokamet (canagliflozin and metformin hydrochloride),Diabetic ketoacidosis in patients with Type 1 diabetes mellitus,음성,mixed_reviewed,2020,October,October - December 2020
Invokamet XR (canagliflozin and metformin hydrochloride),Diabetic ketoacidosis in patients with Type 1 diabetes mellitus,음성,mixed_reviewed,2020,October,October - December 2020
Invokana (canagliflozin),Diabetic ketoacidosis in patients with Type 1 diabetes mellitus,음성,mixed_reviewed,2020,October,October - December 2020
Jardiance (empagliflozin),Diabetic ketoacidosis in patients with Type 1 diabetes mellitus,음성,mixed_reviewed,2020,October,October - December 2020
Levulan Kerastick (5-aminolevulinic acid hydrochloride),Hypersensitivity,보류,pending,2020,October,October - December 2020
Lumason (sulfur hexafluoride lipid-type A microspheres),Allergy to chemicals,보류,pending,2020,October,October - December 2020
Metronidazole oral and intravenous,Hepatic failure,양성,pure_update,2020,October,October - December 2020
Metvixia (methyl aminolevulinate hydrochloride),Hypersensitivity,보류,pending,2020,October,October - December 2020
MiraLAX (polyethylene glycol 3350),Aspiration,양성,pure_update,2020,October,October - December 2020
"MoviPrep (polyethylene glycol 3350, ascorbic acid, sodium ascorbate, sodium chloride, sodium sulfate, and potassium chloride)",Aspiration,양성,pure_update,2020,October,October - December 2020
Nplate (romiplostim),Wrong dose,양성,pure_update,2020,October,October - December 2020
"NuLytely (polyethylene glycol 3350, potassium chloride, sodium bicarbonate, sodium chloride and sodium sulfate)",Aspiration,양성,pure_update,2020,October,October - December 2020
Padcev (enfortumab vendotin-ejfv),Stevens-Johnson syndrome,양성,trunc_unverified,2020,October,October - December 2020
Piqray (alpelisib),Colitis,양성,pure_update,2020,October,October - December 2020
Pitocin (oxytocin),Accidental overdose,양성,pure_update,2020,October,October - December 2020
"Plenvu (polyethylene glycol 3350, sodium ascorbate, sodium sulfate, ascorbic acid, sodium chloride, and potassium chloride)",Aspiration,양성,pure_update,2020,October,October - December 2020
Prolia (denosumab),Hypersensitivity vasculitis,양성,pure_update,2020,October,October - December 2020
"Pylera (bismuth subcitrate potassium, metronidazole, and tetracycline hydrochloride)",Hepatic failure,양성,pure_update,2020,October,October - December 2020
Qtern (saxagliptin and dapagliflozin),Diabetic ketoacidosis in patients with Type 1 diabetes mellitus,음성,mixed_reviewed,2020,October,October - December 2020
"Qternmet XR (dapagliflozin, saxagliptin, and metformin hydrochloride)",Diabetic ketoacidosis in patients with Type 1 diabetes mellitus,음성,mixed_reviewed,2020,October,October - December 2020
Sarclisa (isatuximab-irfc),Anaphylactic reaction,양성,pure_update,2020,October,October - December 2020
Segluromet (ertugliflozin and metformin hydrochloride),Diabetic ketoacidosis in patients with Type 1 diabetes mellitus,음성,mixed_reviewed,2020,October,October - December 2020
Sodium-glucose cotransporter-2 (SGLT2) inhibitors,Diabetic ketoacidosis in patients with Type 1 diabetes mellitus,음성,mixed_reviewed,2020,October,October - December 2020
Solosec (secnidazole),Hepatic failure,양성,pure_update,2020,October,October - December 2020
Steglatro (ertugliflozin),Diabetic ketoacidosis in patients with Type 1 diabetes mellitus,음성,mixed_reviewed,2020,October,October - December 2020
Steglujan (ertugliflozin and sitagliptin),Diabetic ketoacidosis in patients with Type 1 diabetes mellitus,음성,mixed_reviewed,2020,October,October - December 2020
Synjardy (empagliflozin and metformin hydrochloride),Diabetic ketoacidosis in patients with Type 1 diabetes mellitus,음성,mixed_reviewed,2020,October,October - December 2020
Synjardy XR (empagliflozin and metformin hydrochloride),Diabetic ketoacidosis in patients with Type 1 diabetes mellitus,음성,mixed_reviewed,2020,October,October - December 2020
Tindamax (tinidazole),Hepatic failure,양성,pure_update,2020,October,October - December 2020
Tolak (fluorouracil),Product storage error,양성,trunc_unverified,2020,October,October - December 2020
"Trijardy XR (empagliflozin, linagliptin, and metformin hydrochloride)",Diabetic ketoacidosis in patients with Type 1 diabetes mellitus,음성,mixed_reviewed,2020,October,October - December 2020
Vyepti (eptinezumab-jjmr),Anaphylactic reaction,양성,pure_update,2020,October,October - December 2020
Xalkori (crizotinib),Photosensitivity reaction,양성,pure_update,2020,October,October - December 2020
Xigduo XR (dapagliflozin and metformin),Diabetic ketoacidosis in patients with Type 1 diabetes mellitus,음성,mixed_reviewed,2020,October,October - December 2020
Zykadia (ceritinib),Photosensitivity reaction,양성,pure_update,2020,October,October - December 2020
Adcetris (brentuximab vedotin),Guillain-Barre syndrome,음성,mixed_reviewed,2021,April,April - June 2021
Arzerra (ofatumumab) Gazyva (obinutuzumab) Riabni (rituximab-arrx) Rituxan (rituximab) Rituxan Hycela (rituximab and hyaluronidase human) Ruxience (rituximab-pvvr) Truxima (rituximab-abbs),Colitis,음성,mixed_reviewed,2021,April,April - June 2021
Balversa (erdafitinib),Calciphylaxis,양성,pure_update,2021,April,April - June 2021
Bavencio (avelumab) Keytruda (pembrolizumab) Opdivo (nivolumab) Yervoy (ipilimumab) Updated Imfinzi (durvalumab) *,Necrotizing fasciitis,음성,mixed_reviewed,2021,April,April - June 2021
Beta-blockersBetapace (sotalol hydrochloride)Brevibloc (esmolol hydrochloride)Bystolic (nebivolol)Byvalson (nebivolol and valsartan)Coreg (carvedilol)Coreg CR (carvedilol)Corgard (nadolol)Corzide (nadolol and bendroflumethiazide)Dutoprol (metoprolol succinate and hydrochlorothiazide)Kapspargo Sprinkle (metoprolol succinate)Lopressor HCT (metoprolol tartrate and hydrochlorothiazide)Sectral (acebutolol hydrochloride)Sotylize (sotalol hydrochloride)Tenoretic (atenolol and chlorthalidone)Toprol XL (metoprolol succinate)Trandate (labetalol hydrochloride)Ziac (bisoprolol fumarate and hydrochlorothiazide)Generic products containing beta-blockers Updated Hemangeol (Propranolol Hydrochloride)*Inderal LA (Propranolol Hydrochloride)*Innopran XL (Propranolol hydrochloride)*Lopressor (metoprolol tartrate)*Tenormin (Atenolol)*,Hypoglycemia in pediatric patients,양성,trunc_unverified,2021,April,April - June 2021
Bosulif (bosutinib monohydrate) Gleevec (imatinib mesylate) Iclusig (ponatinib) Sprycel (dasatinib) Tasigna (nilotinib),Osteonecrosis,양성,mixed_reviewed,2021,April,April - June 2021
Cablivi (caplacizumab-yhdp),Hemorrhage,양성,pure_update,2021,April,April - June 2021
Cyramza (ramucirumab),Cardiac failure,양성,pure_update,2021,April,April - June 2021
Doxil (doxorubicin hydrochloride),Acute interstitial pneumonitis,음성,mixed_reviewed,2021,April,April - June 2021
Gleevec (imatinib mesylate) Tasigna (nilotinib),Myasthenia gravis,음성,mixed_reviewed,2021,April,April - June 2021
Ibrance (palbociclib) Kisqali (ribociclib) Kisqali Femara Co-Pack (ribociclib,Radiation recall phenomenon,음성,mixed_reviewed,2021,April,April - June 2021
Lokelma (sodium zirconium cyclosilicate),Gastrointestinal disorders,음성,mixed_reviewed,2021,April,April - June 2021
Padcev (enfortumab vedotin-ejfv),Pancreatitis,음성,mixed_reviewed,2021,April,April - June 2021
Padcev (enfortumab vedotin-ejfv),Pneumonitis,양성,pure_update,2021,April,April - June 2021
Poteligeo (mogamulizumab-kpkc),Cytomegalovirus viraemia,양성,pure_update,2021,April,April - June 2021
Procysbi (cysteamine bitartrate) Generic products containing cysteamine bitartrate,Fibrosing colonopathy,양성,pure_update,2021,April,April - June 2021
Sarclisa (isatuximab-irfc),Herpes zoster,양성,pure_update,2021,April,April - June 2021
Sprycel (dasatinib),Drug-induced liver injury,양성,pure_update,2021,April,April - June 2021
Taxotere (docetaxel),Rhabdomyolysis,음성,mixed_reviewed,2021,April,April - June 2021
Veklury (remdesivir),Bradycardia,음성,mixed_reviewed,2021,April,April - June 2021
Zepzelca (lurbinectedin),Extravasation,양성,pure_update,2021,April,April - June 2021
Zepzelca (lurbinectedin),Tumor lysis syndrome,양성,pure_update,2021,April,April - June 2021
Zepzelca (lurbinectedin),Rhabdomyolysis,양성,pure_update,2021,April,April - June 2021
letrozole) Verzenio (abemaciclib),Radiation recall phenomenon,음성,mixed_reviewed,2021,April,April - June 2021
Addyi (flibanserin),Drug hypersensitivity,양성,pure_update,2021,January,January - March 2021
Adlyxin (lixisenatide),Drug-induced liver injury,음성,mixed_reviewed,2021,January,January - March 2021
Alcohol-based hand sanitizers,Exposure via inhalation,양성,mixed_reviewed,2021,January,January - March 2021
Amlodipine and Levamlodipine Products,Non-cardiogenic pulmonary edema,음성,mixed_reviewed,2021,January,January - March 2021
Avonex (interferon beta-1a),Injection site abscess,보류,pending,2021,January,January - March 2021
Azor (amlodipine and olmesartan medoxomil),Non-cardiogenic pulmonary edema,음성,mixed_reviewed,2021,January,January - March 2021
Bavencio (avelumab),Scleroderma,음성,mixed_reviewed,2021,January,January - March 2021
Bavencio (avelumab),Cholangitis sclerosing,음성,mixed_reviewed,2021,January,January - March 2021
Betaseron (interferon beta-1b),Injection site abscess,보류,pending,2021,January,January - March 2021
Bydureon (exenatide),Drug-induced liver injury,음성,mixed_reviewed,2021,January,January - March 2021
Bydureon BCise (exenatide),Drug-induced liver injury,음성,mixed_reviewed,2021,January,January - March 2021
Byetta (exenatide),Drug-induced liver injury,음성,mixed_reviewed,2021,January,January - March 2021
Caduet (amlodipine besylate and atorvastatin calcium),Non-cardiogenic pulmonary edema,음성,mixed_reviewed,2021,January,January - March 2021
Chloroquine,Phospholipidosis,양성,pure_update,2021,January,January - March 2021
Conjupri (levamlodipine maleate),Non-cardiogenic pulmonary edema,음성,mixed_reviewed,2021,January,January - March 2021
Consensi (amlodipine besylate and celecoxib),Non-cardiogenic pulmonary edema,음성,mixed_reviewed,2021,January,January - March 2021
Depakote (divalproex sodium),Tubulointerstitial nephritis,양성,pure_update,2021,January,January - March 2021
Depakote ER (divalproex sodium),Tubulointerstitial nephritis,양성,pure_update,2021,January,January - March 2021
Dupixent (dupilumab),Alopecias,보류,pending,2021,January,January - March 2021
Eliquis (apixaban),Menorrhagia,양성,pure_update,2021,January,January - March 2021
Exforge (amlodipine and valsartan),Non-cardiogenic pulmonary edema,음성,mixed_reviewed,2021,January,January - March 2021
Exforge HCT (amlodipine/valsartan and hydrochlorothiazide),Non-cardiogenic pulmonary edema,음성,mixed_reviewed,2021,January,January - March 2021
Extavia (interferon beta-1b),Injection site abscess,보류,pending,2021,January,January - March 2021
Generic products containing chloroquine,Phospholipidosis,양성,pure_update,2021,January,January - March 2021
Generic products containing dabigatran etexilate mesylate,Menorrhagia,양성,pure_update,2021,January,January - March 2021
Generic products containing divalproex sodium,Tubulointerstitial nephritis,양성,pure_update,2021,January,January - March 2021
Generic products containing ribaroxaban,Menorrhagia,양성,pure_update,2021,January,January - March 2021
Generic products containing valproic acid,Tubulointerstitial nephritis,양성,pure_update,2021,January,January - March 2021
Glucagon-like peptide-1 (GLP-1) analogues,Drug-induced liver injury,양성,mixed_reviewed,2021,January,January - March 2021
H.P. Acthar Gel (corticotropin),Anaphylactic and anaphylactoid responses,양성,pure_update,2021,January,January - March 2021
H.P. Acthar Gel (corticotropin),Cardiac arrhythmias,양성,pure_update,2021,January,January - March 2021
Ibrance (palbociclib),Second primary malignancy,음성,mixed_reviewed,2021,January,January - March 2021
Imfinzi (durvalumab),Scleroderma,음성,mixed_reviewed,2021,January,January - March 2021
Imfinzi (durvalumab),Cholangitis sclerosing,음성,mixed_reviewed,2021,January,January - March 2021
Katerzia (amlodipine benzoate),Non-cardiogenic pulmonary edema,음성,mixed_reviewed,2021,January,January - March 2021
Keytruda (pembrolizumab),Scleroderma,음성,mixed_reviewed,2021,January,January - March 2021
Keytruda (pembrolizumab),Cholangitis sclerosing,양성,mixed_reviewed,2021,January,January - March 2021
Kisqali (ribociclib),Second primary malignancy,음성,mixed_reviewed,2021,January,January - March 2021
Kisqali Femara Co-Pack (letrozole and ribociclib),Second primary malignancy,음성,mixed_reviewed,2021,January,January - March 2021
Libtayo (cemiplimab-rwlc),Scleroderma,음성,mixed_reviewed,2021,January,January - March 2021
Libtayo (cemiplimab-rwlc),Cholangitis sclerosing,음성,mixed_reviewed,2021,January,January - March 2021
Lotrel (amlodipine besylate and benazepril hydrochloride),Non-cardiogenic pulmonary edema,음성,mixed_reviewed,2021,January,January - March 2021
Lynparza (olaparib),Drug-induced liver injury,음성,mixed_reviewed,2021,January,January - March 2021
Norvasc (amlodipine besylate),Non-cardiogenic pulmonary edema,음성,mixed_reviewed,2021,January,January - March 2021
Ocrevus (ocrelizumab),Autoimmune colitis,양성,pure_update,2021,January,January - March 2021
Opdivo (nivolumab),Scleroderma,음성,mixed_reviewed,2021,January,January - March 2021
Opdivo (nivolumab),Cholangitis sclerosing,음성,mixed_reviewed,2021,January,January - March 2021
Ozempic (semaglutide),Drug-induced liver injury,음성,mixed_reviewed,2021,January,January - March 2021
Plegridy (pegylated interferon beta-1a),Injection site abscess,보류,pending,2021,January,January - March 2021
Poteligeo (mogamulizumab-kpkc),Acute kidney injury,양성,pure_update,2021,January,January - March 2021
Pradaxa (dabigatran etexilate mesylate),Menorrhagia,양성,pure_update,2021,January,January - March 2021
Prestalia (amlodipine besylate and perindopril arginine),Non-cardiogenic pulmonary edema,음성,mixed_reviewed,2021,January,January - March 2021
Ravicti (glycerol phenylbutyrate),Product labeling issue regarding stability and instructions for administration,양성,pure_update,2021,January,January - March 2021
Rebif (interferon beta-1a),Injection site abscess,보류,pending,2021,January,January - March 2021
Rybelsus (semaglutide),Drug-induced liver injury,음성,mixed_reviewed,2021,January,January - March 2021
Savaysa (edoxaban tosylate),Menorrhagia,양성,pure_update,2021,January,January - March 2021
Saxenda (liraglutide),Drug-induced liver injury,양성,mixed_reviewed,2021,January,January - March 2021
Soliqua (insulin glargine and lixisenatide),Drug-induced liver injury,음성,mixed_reviewed,2021,January,January - March 2021
Spravato (esketamine),Hypertensive crisis,음성,mixed_reviewed,2021,January,January - March 2021
Stavzor (valproic acid),Tubulointerstitial nephritis,양성,pure_update,2021,January,January - March 2021
Tecentriq (atezolizumab),Scleroderma,음성,mixed_reviewed,2021,January,January - March 2021
Tecentriq (atezolizumab),Cholangitis sclerosing,음성,mixed_reviewed,2021,January,January - March 2021
Tremfya (guselkumab),Device use errors resulting in possible missed or partial doses,양성,pure_update,2021,January,January - March 2021
Tribenzor (amlodipine besylate/olmesartan medoxomil and hydrochlorothiazide),Non-cardiogenic pulmonary edema,음성,mixed_reviewed,2021,January,January - March 2021
Trulance (plecanatide),Drug hypersensitivity,양성,pure_update,2021,January,January - March 2021
Trulance (plecanatide),Vomiting,양성,pure_update,2021,January,January - March 2021
Trulicity (dulaglutide),Drug-induced liver injury,양성,mixed_reviewed,2021,January,January - March 2021
Twynsta (amlodipine and telmisartan),Non-cardiogenic pulmonary edema,음성,mixed_reviewed,2021,January,January - March 2021
Verzenio (abemaciclib),Second primary malignancy,음성,mixed_reviewed,2021,January,January - March 2021
Victoza (liraglutide),Drug-induced liver injury,양성,mixed_reviewed,2021,January,January - March 2021
Xarelto (ribaroxaban),Menorrhagia,양성,pure_update,2021,January,January - March 2021
Xultophy (insulin degludec and liraglutide),Drug-induced liver injury,양성,mixed_reviewed,2021,January,January - March 2021
Ajovy (fremanezumab-vfrm)Emgality (galcanezumab-gnlm)Nurtec ODT (rimegepant)Ubrelvy (ubrogepant)Vyepti (eptinezumab-jjmr),Hypertension,양성,pure_update,2021,July,July - September 2021
Apriso (mesalamine)Asacol (mesalamine)Asacol HD (mesalamine)Azulfidine (sulfasalazine)Azulfidine EN-Tabs (sulfasalazine)Canasa (mesalamine)Colazal (balsalazide disodium)Delzicol (mesalamine)Dipentum (osalazine sodium)Giazo (balsalazide disodium)Lialda (mesalamine)Rowasa (mesalamine)Pentasa (mesalamine),Severe cutaneous adverse reactions,양성,pure_update,2021,July,July - September 2021
Avastin (bevacizumab)Mvasi (bevacizumab-awwb)Zirabev (bevacizumab-bvzr),Pancreatitis,음성,mixed_reviewed,2021,July,July - September 2021
Avastin (bevacizumab)Mvasi (bevacizumab-awwb)Zirabev (bevacizumab-bvzr),Anaphylactic shock,양성,pure_update,2021,July,July - September 2021
Ayvakit (avapritinib),Photosensitivity reaction,양성,pure_update,2021,July,July - September 2021
AzacitidineOnureg (azacitidine)Vidaza (azacitidine)Generic products containing azacitidine,Pericarditis,양성,mixed_reviewed,2021,July,July - September 2021
Bavencio (avelumab)Imfinzi (durvalumab)Libtayo (cemiplimab-rwlc)Keytruda (pembrolizumab)Opdivo (nivolumab)Tecentriq (atezolizumab)Yervoy (ipilimumab),Tumour lysis syndrome,음성,mixed_reviewed,2021,July,July - September 2021
Cymbalta (duloxetine hydrochloride)Drizalma Sprinkle (duloxetine hydrochloride)Generic products containing duloxetine hydrochloride,"Anosmia, Hyposmia",양성,pure_update,2021,July,July - September 2021
Darzalex (daratumumab)Darzalex Faspro (daratumumab and hyaluronidase-fihj),Blood stem cell transplant failure,음성,mixed_reviewed,2021,July,July - September 2021
"Dipeptidyl peptidase-4 (DPP-4) inhibitorsGlyxambi (empagliflozin and linagliptin)Janumet (metformin hydrochloride and sitagliptin phosphate)Janumet XR (metformin hydrochloride and sitagliptin phosphate)Jentadueto (linagliptin and metformin hydrochloride)Jentadueto XR (linagliptin and metformin hydrochloride)Kazano (alogliptin and metformin hydrochloride)Kombiglyze XR (metformin hydrochloride and saxagliptin)Nesina (alogliptin)Onglyza (saxagliptin)Oseni (alogliptin and pioglitazone)Steglujan (ertugliflozin and sitagliptin)Tradjenta (linagliptin)Trijardy XR (empagliflozin, linagliptin and metformin hydrochloride)Qtern (saxagliptin and dapagliflozin)Generic products containing dipeptidyl peptidase-4 inhibitors Updated Januvia (sitagliptin)*",Tubulointerstitial nephritis,양성,mixed_reviewed,2021,July,July - September 2021
Dupixent (dupilumab),Angioedema,양성,pure_update,2021,July,July - September 2021
Glucagon-like peptide-1 (GLP-1) analoguesAdlyxin (lixisenatide)Bydureon (exenatide)Bydureon BCise (exenatide)Byetta (exenatide)Ozempic (semaglutide)Rybelsus (semaglutide)Saxenda (liraglutide)Soliqua 100/33 (insulin glargine and lixisenatide injection)Trulicity (dulaglutide)Victoza (liraglutide)Wegovy (semaglutide)Xultophy 100/3.6 (insulin degludec and liraglutide injection)Generic products containing glucagon-like peptide-1 analogues,Gallbladder related disorders,양성,mixed_reviewed,2021,July,July - September 2021
Gonadotropin releasing hormone (GnRH) analoguesFensolvi (leuprolide acetate)Lupron Depot-PED (leuprolide acetate)Supprelin LA (histrelin acetate)Synarel (nafarelin acetate)Triptodur (triptorelin),Idiopathic intracranial hypertension,양성,pure_update,2021,July,July - September 2021
Ibrance (palbociclib)Kisqali (ribociclib)Kisqali Femara Co-Pack (letrozole and ribociclib),"Embolic and thrombotic events, venous",양성,mixed_reviewed,2021,July,July - September 2021
Jakafi (ruxolitinib phosphate),Herpes simplex virus (HSV) reactivation and/or disseminated HSV,양성,pure_update,2021,July,July - September 2021
Ocrevus (ocrelizumab),Myocardial infarction,음성,mixed_reviewed,2021,July,July - September 2021
Potassium Chloride,Product preparation error,양성,pure_update,2021,July,July - September 2021
Praxbind (idarucizumab),Wrong dose errors,양성,pure_update,2021,July,July - September 2021
Qbrexza (glycopyrronium tosylate),Accidental exposure to product,양성,pure_update,2021,July,July - September 2021
Qbrexza (glycopyrronium tosylate),Urinary retention,양성,pure_update,2021,July,July - September 2021
"Sodium-glucose cotransporter-2 (SGLT-2) inhibitorsFarxiga (dapagliflozin)Glyxambi (empagliflozin and linagliptin)Invokamet (canagliflozin and metformin hydrochloride)Invokamet XR (canagliflozin and metformin hydrochloride)Invokana (canagliflozin)Jardiance (empagliflozin)Qtern (saxagliptin and dapagliflozin)Steglatro (ertugliflozin)Steglujan (ertugliflozin and sitagliptin)Segluromet (ertugliflozin and metformin hydrochloride)Synjardy (empagliflozin and metformin hydrochloride)Synjardy XR (empagliflozin and metformin hydrochloride)Trijardy XR (empagliflozin, linagliptin and metformin hydrochloride)Xigduo XR (dapagliflozin and metformin)Generic products containing sodium-glucose cotransporter-2 (SGLT-2) inhibitors",Tubulointerstitial nephritis,음성,mixed_reviewed,2021,July,July - September 2021
Somatostatin Receptor Imaging AgentsDetectnet (copper Cu-64 dotatate injection)Gallium Dotatoc (GA 68)Octreoscan (Indium In 111 Pentetreotide)Netspot (Gallium GA 68 Dotatate),Hypersensitivity,양성,pure_update,2021,July,July - September 2021
Stromectol (ivermectin)Generic products containing ivermectin,Off label use,음성,mixed_reviewed,2021,July,July - September 2021
Stromectol (ivermectin)Generic products containing ivermectin,Neurotoxicity,양성,pure_update,2021,July,July - September 2021
Sunosi (solriamfetol hydrochloride),Hypersensitivity,음성,mixed_reviewed,2021,July,July - September 2021
Vivitrol (naltrexone),Incorrect route of product administration,양성,pure_update,2021,July,July - September 2021
Xcopri (cenobamate),Psychiatric disorders,양성,pure_update,2021,July,July - September 2021
Actemra (tocilizumab) Updated Kevzara (sarilumab)*Tofidence (tocilizumab-bavi)*Tyenne (tocilizumab-aazg)*,Drug reaction with eosinophilia and systemic symptoms,양성,mixed_reviewed,2021,October,October - December 2021
Aliqopa (copanlisib),Cytomegalovirus infection,양성,pure_update,2021,October,October - December 2021
Belrapzo (bendamustine hydrochloride)Bendeka (bendamustine hydrochloride)Treanda (bendamustine hydrochloride) Updated Vivimusta (bendamustine hydrochloride)*Generic products containing bendamustine hydrochloride**,Nephrogenic diabetes insipidus,양성,trunc_unverified,2021,October,October - December 2021
Dantrium (dantrolene sodium)Ryanodex (dantrolene sodium)Generic products containing dantrolene sodium,Hepatotoxicity,양성,mixed_reviewed,2021,October,October - December 2021
Dupixent (dupilumab),Psoriasis,양성,pure_update,2021,October,October - December 2021
Esbriet (pirfenidone)Generic products containing pirfenidone,Severe cutaneous adverse reactions,양성,pure_update,2021,October,October - December 2021
Evenity (romosozumab-aqqg),Injury associated with device,음성,mixed_reviewed,2021,October,October - December 2021
Ferrlecit (sodium ferric gluconate complex in sucrose injection)Venofer (iron sucrose injection)Generic products containing ferric oxyhydroxide,Acute myocardial ischemia with or without myocardial infarction or with in-stent thrombosis in the context of a hypersensitivity reaction,양성,mixed_reviewed,2021,October,October - December 2021
"HizentraImmune Globulin Subcutaneous (Human), 20% Liquid",Increased hypersensitivity reactions in patients receiving certain product lots,양성,pure_update,2021,October,October - December 2021
Ilaris (canakinumab)Kineret (anakinra) Updated Arcalyst (rilonacept)*,Drug reaction with eosinophilia and systemic symptoms,양성,mixed_reviewed,2021,October,October - December 2021
Kyleena (levonorgestrel)Liletta (levonorgestrel)Mirena (levonorgestrel)Paragard (intrauterine copper contraceptive)Skyla (levonorgestrel),Device breakage,양성,mixed_reviewed_conflated,2021,October,October - December 2021
Lutathera (lutetium Lu 177 dotatate),Hypersensitivity,양성,pure_update,2021,October,October - December 2021
"PrivigenImmune Globulin Intravenous (Human), 10% Liquid",Increased hypersensitivity reactions in patients receiving certain product lots,양성,pure_update,2021,October,October - December 2021
Proglycem (diazoxide)Generic products containing diazoxide,Necrotizing colitis,양성,pure_update,2021,October,October - December 2021
Proton Pump InhibitorsAciphex (rabeprazole sodium)Dexilant (dexlansoprazole)Nexium (esomeprazole magnesium)Omeprazole and clarithromycin and amoxicillinPantoprazole SodiumPrevacid (lansoprazole)Prevacid SoluTab (lansoprazole)Prilosec (omeprazole magnesium)Protonix (pantoprazole sodium)Protonix IV (pantoprazole sodium)Talicia (amoxicillin,Erectile dysfunction,양성,trunc_unverified,2021,October,October - December 2021
Tagrisso (osimertinib mesylate),Rhabdomyolysis,양성,pure_update,2021,October,October - December 2021
Tecfidera (dimethyl fumarate)Generic products containing dimethyl fumarate,Pancreatitis acute,양성,pure_update,2021,October,October - December 2021
Vfend (voriconazole)Voriconazole for injectionGeneric products containing voriconazole,Increased risk of photosensitivity reaction,양성,trunc_unverified,2021,October,October - December 2021
Xifaxan (rifaximin)Generic products containing rifaximin,Severe cutaneous adverse reactions,양성,pure_update,2021,October,October - December 2021
Xpovio (selinexor),Tumour lysis syndrome,음성,mixed_reviewed,2021,October,October - December 2021
ferric carboxymaltose,Acute myocardial ischemia with or without myocardial infarction or with in-stent thrombosis in the context of a hypersensitivity reaction,음성,mixed_reviewed,2021,October,October - December 2021
iron sucrose Updated Injectafer (ferric carboxymaltose injection)*,Acute myocardial ischemia with or without myocardial infarction or with in-stent thrombosis in the context of a hypersensitivity reaction,양성,mixed_reviewed_conflated,2021,October,October - December 2021
naproxen)Zegerid (omeprazole,Erectile dysfunction,양성,trunc_unverified,2021,October,October - December 2021
omeprazole magnesium,Erectile dysfunction,양성,trunc_unverified,2021,October,October - December 2021
rifabutinYosprala (aspirin and omeprazole)Vimovo (esomeprazole magnesium,Erectile dysfunction,양성,trunc_unverified,2021,October,October - December 2021
sodium bicarbonate)Generic products containing proton pump inhibitors,Erectile dysfunction,양성,trunc_unverified,2021,October,October - December 2021
Adlyxin (lixisenatide),Intestinal obstruction,양성,pure_update,2022,April,April - June 2022
Afinitor (everolimus),Drug interaction,보류,pending,2022,April,April - June 2022
Afinitor Disperz (everolimus),Drug interaction,보류,pending,2022,April,April - June 2022
Bavencio (avelumab),Keratoacanthoma,음성,mixed_reviewed,2022,April,April - June 2022
Bydureon (exenatide),Intestinal obstruction,양성,pure_update,2022,April,April - June 2022
Bydureon BCise (exenatide),Intestinal obstruction,양성,pure_update,2022,April,April - June 2022
Byetta (exenatide),Intestinal obstruction,양성,pure_update,2022,April,April - June 2022
Cabometyx (cabozantinib),Bradyarrhythmia (including conduction defects and disorders of sinus node function),음성,mixed_reviewed,2022,April,April - June 2022
Calquence (acalabrutinib),Pneumonitis,음성,mixed_reviewed,2022,April,April - June 2022
Calquence (acalabrutinib),Tumor lysis syndrome,음성,mixed_reviewed,2022,April,April - June 2022
Certain everolimus product (generic product for the trade name Afinitor),Product packaging confusion,양성,pure_update,2022,April,April - June 2022
Cometriq (cabozantinib),Bradyarrhythmia (including conduction defects and disorders of sinus node function),음성,mixed_reviewed,2022,April,April - June 2022
Elzonris (tagraxofusp-erzs),Tumor lysis syndrome,양성,pure_update,2022,April,April - June 2022
Generic products containing liraglutide,Cutaneous amyloidosis,양성,pure_update,2022,April,April - June 2022
Glucagon-like peptide 1 (GLP-1) receptor agonists,Intestinal obstruction,양성,pure_update,2022,April,April - June 2022
Imfinzi (durvalumab),Keratoacanthoma,음성,mixed_reviewed,2022,April,April - June 2022
Jemperli (dostarlimab-gxly),Keratoacanthoma,음성,mixed_reviewed,2022,April,April - June 2022
Keytruda (pembrolizumab),Keratoacanthoma,음성,mixed_reviewed,2022,April,April - June 2022
Libtayo (cemiplimab-rwlc),Keratoacanthoma,음성,mixed_reviewed,2022,April,April - June 2022
Mounjaro (tirzepatide),Intestinal obstruction,양성,pure_update,2022,April,April - June 2022
Opdivo (nivolumab),Keratoacanthoma,음성,mixed_reviewed,2022,April,April - June 2022
Ozempic (semaglutide),Intestinal obstruction,양성,pure_update,2022,April,April - June 2022
Proglycem (diazoxide),Pericardial effusion,양성,pure_update,2022,April,April - June 2022
Rapamune (sirolimus),Drug interaction,보류,pending,2022,April,April - June 2022
Reblozyl (luspatercept-aamt),Sickle cell anemia with crisis,음성,mixed_reviewed,2022,April,April - June 2022
Rybelsus (semaglutide),Intestinal obstruction,양성,pure_update,2022,April,April - June 2022
Saxenda (liraglutide recombinant),Intestinal obstruction,양성,pure_update,2022,April,April - June 2022
Saxenda (liraglutide recombinant),Cutaneous amyloidosis,양성,pure_update,2022,April,April - June 2022
Scenesse (afamelanotide),Hypersensitivity,양성,pure_update,2022,April,April - June 2022
Soliqua 100/33 (insulin glargine and lixisenatide),Intestinal obstruction,양성,pure_update,2022,April,April - June 2022
Talzenna (talazoparib),Thrombotic microangiopathy,음성,pure_noaction,2022,April,April - June 2022
Tazverik (tazemetostat),Blood bromide increased,음성,mixed_reviewed,2022,April,April - June 2022
Tecentriq (atezolizumab),Keratoacanthoma,음성,mixed_reviewed,2022,April,April - June 2022
Tezspire (tezepelumab-ekko),Anaphylactic reaction,양성,pure_update,2022,April,April - June 2022
Trulicity (dulaglutide),Intestinal obstruction,양성,pure_update,2022,April,April - June 2022
Tyvaso (treprostinil),Bronchospasm,양성,pure_update,2022,April,April - June 2022
Tyvaso DPI (treprostinil),Bronchospasm,양성,pure_update,2022,April,April - June 2022
Victoza (liraglutide recombinant),Intestinal obstruction,양성,pure_update,2022,April,April - June 2022
Victoza (liraglutide recombinant),Cutaneous amyloidosis,양성,pure_update,2022,April,April - June 2022
Wegovy (semaglutide),Intestinal obstruction,양성,pure_update,2022,April,April - June 2022
Xultophy 100/3.6 (insulin degludec and liraglutide) injection,Intestinal obstruction,양성,pure_update,2022,April,April - June 2022
Xultophy 100/3.6 (insulin degludec and liraglutide) injection,Cutaneous amyloidosis,양성,pure_update,2022,April,April - June 2022
Zolgensma (onasemnogene abeparvovec-xioi),Hepatotoxicity-associated fatality,양성,pure_update,2022,April,April - June 2022
Zortress (everolimus),Drug interaction,보류,pending,2022,April,April - June 2022
Addyi (flibanserin),Accidental exposure to product by child,음성,mixed_reviewed,2022,January,January - March 2022
Altoprev (lovastatin),Drug reaction with eosinophilia and systemic symptoms (DRESS),음성,mixed_reviewed,2022,January,January - March 2022
Altoprev (lovastatin),Lichen planus,양성,mixed_reviewed,2022,January,January - March 2022
Altoprev (lovastatin),Immune-mediated myositis,양성,trunc_unverified,2022,January,January - March 2022
Betadine (povidone-iodine),Intentional product misuse,음성,pure_noaction,2022,January,January - March 2022
Brisdelle (paroxetine mesylate),Anosmia,양성,pure_update,2022,January,January - March 2022
Brisdelle (paroxetine mesylate),Hyposmia,양성,pure_update,2022,January,January - March 2022
Buphenyl (sodium phenylbutyrate),Accidental overdose,양성,pure_update,2022,January,January - March 2022
Caduet (amlodipine besylate,Drug reaction with eosinophilia and systemic symptoms (DRESS),음성,mixed_reviewed,2022,January,January - March 2022
Caduet (amlodipine besylate,Lichen planus,음성,mixed_reviewed,2022,January,January - March 2022
Caduet (amlodipine besylate,Immune-mediated myositis,양성,trunc_unverified,2022,January,January - March 2022
Celexa (citalopram hydrobromide),Anosmia,양성,pure_update,2022,January,January - March 2022
Celexa (citalopram hydrobromide),Hyposmia,양성,pure_update,2022,January,January - March 2022
Citalopram hydrobromide,Anosmia,양성,pure_update,2022,January,January - March 2022
Citalopram hydrobromide,Hyposmia,양성,pure_update,2022,January,January - March 2022
Crestor (rosuvastatin calcium),Drug reaction with eosinophilia and systemic symptoms (DRESS),양성,mixed_reviewed,2022,January,January - March 2022
Crestor (rosuvastatin calcium),Lichen planus,양성,mixed_reviewed,2022,January,January - March 2022
Crestor (rosuvastatin calcium),Immune-mediated myositis,양성,trunc_unverified,2022,January,January - March 2022
Cymbalta (duloxetine hydrochloride),Anosmia,양성,pure_update,2022,January,January - March 2022
Cymbalta (duloxetine hydrochloride),Hyposmia,양성,pure_update,2022,January,January - March 2022
Desvenlafaxine (desvenlafaxine fumarate),Anosmia,양성,pure_update,2022,January,January - March 2022
Desvenlafaxine (desvenlafaxine fumarate),Hyposmia,양성,pure_update,2022,January,January - March 2022
Drizalma Sprinkle (duloxetine hydrochloride),Anosmia,양성,pure_update,2022,January,January - March 2022
Drizalma Sprinkle (duloxetine hydrochloride),Hyposmia,양성,pure_update,2022,January,January - March 2022
E-Z Prep (povidone-iodine),Intentional product misuse,음성,pure_noaction,2022,January,January - March 2022
E-Z Prep 220 (povidone-iodine),Intentional product misuse,음성,pure_noaction,2022,January,January - March 2022
Effexor XR (venlafaxine hydrochloride),Anosmia,양성,pure_update,2022,January,January - March 2022
Effexor XR (venlafaxine hydrochloride),Hyposmia,양성,pure_update,2022,January,January - March 2022
Ezallor Sprinkle (rosuvastatin calcium),Lichen planus,양성,mixed_reviewed,2022,January,January - March 2022
Ezallor Sprinkle (rosuvastatin calcium),Immune-mediated myositis,양성,trunc_unverified,2022,January,January - March 2022
Ezallor Sprinkle (rosuvastatin),Drug reaction with eosinophilia and systemic symptoms (DRESS),양성,mixed_reviewed,2022,January,January - March 2022
Farxiga (dapagliflozin),Sodium-glucose co-transporter 2 (SGLT2) inhibitor and lithium drug interaction,양성,pure_update,2022,January,January - March 2022
Fetzima (levomilnacipran hydrochloride),Anosmia,양성,pure_update,2022,January,January - March 2022
Fetzima (levomilnacipran hydrochloride),Hyposmia,양성,pure_update,2022,January,January - March 2022
Flolipid (simvastatin),Drug reaction with eosinophilia and systemic symptoms (DRESS),음성,mixed_reviewed,2022,January,January - March 2022
Flolipid (simvastatin),Lichen planus,음성,mixed_reviewed,2022,January,January - March 2022
Flolipid (simvastatin),Immune-mediated myositis,양성,trunc_unverified,2022,January,January - March 2022
Fluoxetine hydrochloride,Anosmia,양성,pure_update,2022,January,January - March 2022
Fluoxetine hydrochloride,Hyposmia,양성,pure_update,2022,January,January - March 2022
Glyxambi (empagliflozin,Sodium-glucose co-transporter 2 (SGLT2) inhibitor and lithium drug interaction,양성,pure_update,2022,January,January - March 2022
HMG-CoA reductase inhibitors,Drug reaction with eosinophilia and systemic symptoms (DRESS),양성,mixed_reviewed,2022,January,January - March 2022
HMG-CoA reductase inhibitors,Lichen planus,양성,mixed_reviewed,2022,January,January - March 2022
HMG-CoA reductase inhibitors,Immune-mediated myositis,양성,trunc_unverified,2022,January,January - March 2022
Invokamet (canagliflozin,Sodium-glucose co-transporter 2 (SGLT2) inhibitor and lithium drug interaction,양성,pure_update,2022,January,January - March 2022
Invokamet XR (canagliflozin,Sodium-glucose co-transporter 2 (SGLT2) inhibitor and lithium drug interaction,양성,pure_update,2022,January,January - March 2022
Invokana (canagliflozin),Sodium-glucose co-transporter 2 (SGLT2) inhibitor and lithium drug interaction,양성,pure_update,2022,January,January - March 2022
Jardiance (empagliflozin),Sodium-glucose co-transporter 2 (SGLT2) inhibitor and lithium drug interaction,양성,pure_update,2022,January,January - March 2022
Kalydeco (ivacaftor),Anaphylactic reaction,양성,pure_update,2022,January,January - March 2022
Lescol XL (fluvastatin sodium),Drug reaction with eosinophilia and systemic symptoms (DRESS),음성,mixed_reviewed,2022,January,January - March 2022
Lescol XL (fluvastatin sodium),Lichen planus,양성,mixed_reviewed,2022,January,January - March 2022
Lescol XL (fluvastatin sodium),Immune-mediated myositis,양성,trunc_unverified,2022,January,January - March 2022
Lexapro (escitalopram oxalate),Anosmia,양성,pure_update,2022,January,January - March 2022
Lexapro (escitalopram oxalate),Hyposmia,양성,pure_update,2022,January,January - March 2022
Lipitor (atorvastatin calcium),Drug reaction with eosinophilia and systemic symptoms (DRESS),음성,mixed_reviewed,2022,January,January - March 2022
Lipitor (atorvastatin calcium),Lichen planus,음성,mixed_reviewed,2022,January,January - March 2022
Lipitor (atorvastatin calcium),Immune-mediated myositis,양성,trunc_unverified,2022,January,January - March 2022
Liptruzet (ezetimibe,Drug reaction with eosinophilia and systemic symptoms (DRESS),음성,mixed_reviewed,2022,January,January - March 2022
Liptruzet (ezetimibe,Lichen planus,음성,mixed_reviewed,2022,January,January - March 2022
Liptruzet (ezetimibe,Immune-mediated myositis,양성,trunc_unverified,2022,January,January - March 2022
Lithium Carbonate,Sodium-glucose co-transporter 2 (SGLT2) inhibitor and lithium drug interaction,양성,pure_update,2022,January,January - March 2022
Lithium Citrate,Sodium-glucose co-transporter 2 (SGLT2) inhibitor and lithium drug interaction,양성,pure_update,2022,January,January - March 2022
Lithium-containing products,Sodium-glucose co-transporter 2 (SGLT2) inhibitor and lithium drug interaction,양성,pure_update,2022,January,January - March 2022
Lithobid (lithium carbonate),Sodium-glucose co-transporter 2 (SGLT2) inhibitor and lithium drug interaction,양성,pure_update,2022,January,January - March 2022
Livalo (pitavastatin),Drug reaction with eosinophilia and systemic symptoms (DRESS),음성,mixed_reviewed,2022,January,January - March 2022
Livalo (pitavastatin),Lichen planus,양성,mixed_reviewed,2022,January,January - March 2022
Livalo (pitavastatin),Immune-mediated myositis,양성,trunc_unverified,2022,January,January - March 2022
Luvox (fluvoxamine maleate),Anosmia,양성,pure_update,2022,January,January - March 2022
Luvox (fluvoxamine maleate),Hyposmia,양성,pure_update,2022,January,January - March 2022
Nikita (pitavastatin),Drug reaction with eosinophilia and systemic symptoms (DRESS),음성,mixed_reviewed,2022,January,January - March 2022
Nikita (pitavastatin),Lichen planus,양성,mixed_reviewed,2022,January,January - March 2022
Nikita (pitavastatin),Immune-mediated myositis,양성,trunc_unverified,2022,January,January - March 2022
Ocrevus (ocrelizumab),Progressive multifocal leukoencephalopathy,양성,pure_update,2022,January,January - March 2022
Octagam 10%,Increased hypersensitivity reactions in patients receiving certain product lots,양성,pure_update,2022,January,January - March 2022
Orkambi (lumacaftor/ivacaftor),Anaphylactic reaction,양성,pure_update,2022,January,January - March 2022
Paxil (paroxetine hydrochloride),Anosmia,양성,pure_update,2022,January,January - March 2022
Paxil (paroxetine hydrochloride),Hyposmia,양성,pure_update,2022,January,January - March 2022
Paxil CR (paroxetine hydrochloride),Anosmia,양성,pure_update,2022,January,January - March 2022
Paxil CR (paroxetine hydrochloride),Hyposmia,양성,pure_update,2022,January,January - March 2022
Pexeva (paroxetine mesylate),Anosmia,양성,pure_update,2022,January,January - March 2022
Pexeva (paroxetine mesylate),Hyposmia,양성,pure_update,2022,January,January - March 2022
Pravachol (pravastatin sodium),Drug reaction with eosinophilia and systemic symptoms (DRESS),음성,mixed_reviewed,2022,January,January - March 2022
Pravachol (pravastatin sodium),Lichen planus,음성,mixed_reviewed,2022,January,January - March 2022
Pravachol (pravastatin sodium),Immune-mediated myositis,양성,trunc_unverified,2022,January,January - March 2022
Pristiq (desvenlafaxine succinate),Anosmia,양성,pure_update,2022,January,January - March 2022
Pristiq (desvenlafaxine succinate),Hyposmia,양성,pure_update,2022,January,January - March 2022
Prozac (fluoxetine hydrochloride),Anosmia,양성,pure_update,2022,January,January - March 2022
Prozac (fluoxetine hydrochloride),Hyposmia,양성,pure_update,2022,January,January - March 2022
Qtern (dapagliflozin,Sodium-glucose co-transporter 2 (SGLT2) inhibitor and lithium drug interaction,양성,pure_update,2022,January,January - March 2022
Qtern XR (dapagliflozin,Sodium-glucose co-transporter 2 (SGLT2) inhibitor and lithium drug interaction,양성,pure_update,2022,January,January - March 2022
Reblozyl (luspatercept-aamt),Extramedullary hematopoietic (EMH) masses,양성,pure_update,2022,January,January - March 2022
Roszet (ezetimibe,Lichen planus,양성,mixed_reviewed,2022,January,January - March 2022
Roszet (ezetimibe,Immune-mediated myositis,양성,trunc_unverified,2022,January,January - March 2022
Roszet (rosuvastatin and ezetimibe),Drug reaction with eosinophilia and systemic symptoms (DRESS),양성,mixed_reviewed,2022,January,January - March 2022
Sarafem (fluoxetine hydrochloride),Anosmia,양성,pure_update,2022,January,January - March 2022
Sarafem (fluoxetine hydrochloride),Hyposmia,양성,pure_update,2022,January,January - March 2022
Savella (milnacipran hydrochloride),Anosmia,양성,pure_update,2022,January,January - March 2022
Savella (milnacipran hydrochloride),Hyposmia,양성,pure_update,2022,January,January - March 2022
Segluromet (ertugliflozin,Sodium-glucose co-transporter 2 (SGLT2) inhibitor and lithium drug interaction,양성,pure_update,2022,January,January - March 2022
Selective serotonin reuptake inhibitors (SSRI) and serotonin and norepinephrine reuptake (SNRI) inhibitors,Anosmia,양성,pure_update,2022,January,January - March 2022
Selective serotonin reuptake inhibitors (SSRI) and serotonin and norepinephrine reuptake (SNRI) inhibitors,Hyposmia,양성,pure_update,2022,January,January - March 2022
Sertraline hydrochloride,Anosmia,양성,pure_update,2022,January,January - March 2022
Sertraline hydrochloride,Hyposmia,양성,pure_update,2022,January,January - March 2022
Sodium-glucos co-transporter (SGLT) 2 inhibitors,Sodium-glucose co-transporter 2 (SGLT2) inhibitor and lithium drug interaction,양성,pure_update,2022,January,January - March 2022
Steglatro (ertugliflozin),Sodium-glucose co-transporter 2 (SGLT2) inhibitor and lithium drug interaction,양성,pure_update,2022,January,January - March 2022
Steglujan (ertugliflozin,Sodium-glucose co-transporter 2 (SGLT2) inhibitor and lithium drug interaction,양성,pure_update,2022,January,January - March 2022
Symbyax (olanzapine,Anosmia,양성,pure_update,2022,January,January - March 2022
Symbyax (olanzapine,Hyposmia,양성,pure_update,2022,January,January - March 2022
Symdeko (tezacaftor/ivacaftor),Anaphylactic reaction,양성,pure_update,2022,January,January - March 2022
Synjardy (empagliflozin,Sodium-glucose co-transporter 2 (SGLT2) inhibitor and lithium drug interaction,양성,pure_update,2022,January,January - March 2022
Synjardy XR (empagliflozin,Sodium-glucose co-transporter 2 (SGLT2) inhibitor and lithium drug interaction,양성,pure_update,2022,January,January - March 2022
Trijardy XR (empagliflozin,Sodium-glucose co-transporter 2 (SGLT2) inhibitor and lithium drug interaction,양성,pure_update,2022,January,January - March 2022
Trikafta (elexacaftor,Anaphylactic reaction,양성,pure_update,2022,January,January - March 2022
Trintellix (vortioxetine hydrobromide),Anosmia,양성,pure_update,2022,January,January - March 2022
Trintellix (vortioxetine hydrobromide),Hyposmia,양성,pure_update,2022,January,January - March 2022
Venlafaxine hydrochloride,Anosmia,양성,pure_update,2022,January,January - March 2022
Venlafaxine hydrochloride,Hyposmia,양성,pure_update,2022,January,January - March 2022
Viibryd (vilazodone hydrochloride),Anosmia,양성,pure_update,2022,January,January - March 2022
Viibryd (vilazodone hydrochloride),Hyposmia,양성,pure_update,2022,January,January - March 2022
Vytorin (ezetimibe and simvastatin),Drug reaction with eosinophilia and systemic symptoms (DRESS),음성,mixed_reviewed,2022,January,January - March 2022
Vytorin (ezetimibe and simvastatin),Lichen planus,양성,mixed_reviewed,2022,January,January - March 2022
Vytorin (ezetimibe and simvastatin),Immune-mediated myositis,양성,trunc_unverified,2022,January,January - March 2022
Xigduo XR (dapagliflozin,Sodium-glucose co-transporter 2 (SGLT2) inhibitor and lithium drug interaction,양성,pure_update,2022,January,January - March 2022
Zocor (simvastatin),Drug reaction with eosinophilia and systemic symptoms (DRESS),음성,mixed_reviewed,2022,January,January - March 2022
Zocor (simvastatin),Lichen planus,양성,mixed_reviewed,2022,January,January - March 2022
Zocor (simvastatin),Immune-mediated myositis,양성,trunc_unverified,2022,January,January - March 2022
Zoloft (sertraline hydrochloride),Anosmia,양성,pure_update,2022,January,January - March 2022
Zoloft (sertraline hydrochloride),Hyposmia,양성,pure_update,2022,January,January - March 2022
Zypitamag (pitavastatin),Drug reaction with eosinophilia and systemic symptoms (DRESS),음성,mixed_reviewed,2022,January,January - March 2022
Zypitamag (pitavastatin),Lichen planus,양성,mixed_reviewed,2022,January,January - March 2022
Zypitamag (pitavastatin),Immune-mediated myositis,양성,trunc_unverified,2022,January,January - March 2022
[Immune Globulin Intravenous (Human)],Increased hypersensitivity reactions in patients receiving certain product lots,양성,pure_update,2022,January,January - March 2022
and ivacaftor),Anaphylactic reaction,양성,pure_update,2022,January,January - March 2022
atorvastatin calcium),Drug reaction with eosinophilia and systemic symptoms (DRESS),음성,mixed_reviewed,2022,January,January - March 2022
atorvastatin calcium),Lichen planus,음성,mixed_reviewed,2022,January,January - March 2022
atorvastatin calcium),Immune-mediated myositis,양성,trunc_unverified,2022,January,January - March 2022
atorvastatin),Drug reaction with eosinophilia and systemic symptoms (DRESS),음성,mixed_reviewed,2022,January,January - March 2022
atorvastatin),Lichen planus,음성,mixed_reviewed,2022,January,January - March 2022
atorvastatin),Immune-mediated myositis,양성,trunc_unverified,2022,January,January - March 2022
fluoxetine hydrochloride),Anosmia,양성,pure_update,2022,January,January - March 2022
fluoxetine hydrochloride),Hyposmia,양성,pure_update,2022,January,January - March 2022
linagliptin,Sodium-glucose co-transporter 2 (SGLT2) inhibitor and lithium drug interaction,양성,pure_update,2022,January,January - March 2022
linagliptin),Sodium-glucose co-transporter 2 (SGLT2) inhibitor and lithium drug interaction,양성,pure_update,2022,January,January - March 2022
metformin hydrochloride,Sodium-glucose co-transporter 2 (SGLT2) inhibitor and lithium drug interaction,양성,pure_update,2022,January,January - March 2022
metformin hydrochloride),Sodium-glucose co-transporter 2 (SGLT2) inhibitor and lithium drug interaction,양성,pure_update,2022,January,January - March 2022
rosuvastatin calcium),Lichen planus,양성,mixed_reviewed,2022,January,January - March 2022
rosuvastatin calcium),Immune-mediated myositis,양성,trunc_unverified,2022,January,January - March 2022
saxagliptin hydrochloride),Sodium-glucose co-transporter 2 (SGLT2) inhibitor and lithium drug interaction,양성,pure_update,2022,January,January - March 2022
sitagliptin phosphate),Sodium-glucose co-transporter 2 (SGLT2) inhibitor and lithium drug interaction,양성,pure_update,2022,January,January - March 2022
tezacaftor,Anaphylactic reaction,양성,pure_update,2022,January,January - March 2022
"Allergenic Extract – Peanut (Arachis hypogaea) - For Diagnostic Use Only, manufactured by ALK-Abelló, Inc","Certain product lots were associated with increased reports of false negative skin test results, with some cases of anaphylaxis from subsequent peanut exposure",양성,trunc_unverified,2022,July,July - September 2022
Amondys 45 (casimersen),Hypersensitivity,양성,pure_update,2022,July,July - September 2022
Astagraf XL (tacrolimus),Drug interaction,양성,pure_update,2022,July,July - September 2022
Certain naloxone hydrochloride product (generic product for the trade name Narcan),Dose omission error associated with packaging confusion,양성,pure_update,2022,July,July - September 2022
Certain neostigmine methylsulfate product (generic product for the trade name Bloxiverz),Risk of wrong drug medication errors associated with look-alike neostigmine and phenylephrine container labels,양성,pure_update,2022,July,July - September 2022
Certain phenylephrine hydrochloride product (generic product for the trade name Vazculep),Risk of wrong drug medication errors associated with look-alike neostigmine and phenylephrine container labels,양성,pure_update,2022,July,July - September 2022
Certain potassium chloride for injection concentrate product (generic product),Risk of medication errors associated with packaging change from glass bottle to plastic bag,양성,pure_update,2022,July,July - September 2022
Diskets (methadone hydrochloride),Hypoglycemia,양성,pure_update,2022,July,July - September 2022
Envarsus XR (tacrolimus),Drug interaction,양성,pure_update,2022,July,July - September 2022
Gilotrif (afatinib),Radiation recall phenomenon,음성,mixed_reviewed,2022,July,July - September 2022
Imuran (azathioprine),Cholestasis of pregnancy,양성,trunc_unverified,2022,July,July - September 2022
Iressa (gefitinib),Radiation recall phenomenon,음성,mixed_reviewed,2022,July,July - September 2022
Kesimpta (ofatumumab),Infection,보류,pending,2022,July,July - September 2022
Lanreotide,Exocrine pancreatic function test abnormal,양성,pure_update,2022,July,July - September 2022
Lutathera (lutetium Lu 177 dotatate),Tumor lysis syndrome,음성,mixed_reviewed,2022,July,July - September 2022
Lutathera (lutetium Lu 177 dotatate),Extravasation,양성,mixed_reviewed,2022,July,July - September 2022
Methadone Hydrochloride Injection,Hypoglycemia,양성,pure_update,2022,July,July - September 2022
Methadose (methadone hydrochloride),Hypoglycemia,양성,pure_update,2022,July,July - September 2022
Mycapssa (octreotide),Exocrine pancreatic function test abnormal,양성,pure_update,2022,July,July - September 2022
Ocrevus (ocrelizumab),Infection,보류,pending,2022,July,July - September 2022
Ocrevus (ocrelizumab),Pyoderma gangrenosum,양성,pure_update,2022,July,July - September 2022
Pluvicto (lutetium Lu 177 vipivotide tetraxetan),Tumor lysis syndrome,음성,mixed_reviewed,2022,July,July - September 2022
Pluvicto (lutetium Lu 177 vipivotide tetraxetan),Extravasation,음성,mixed_reviewed,2022,July,July - September 2022
Prograf (tacrolimus),Drug interaction,양성,pure_update,2022,July,July - September 2022
Prograf Granules (tacrolimus),Drug interaction,양성,pure_update,2022,July,July - September 2022
Purinethol (mercaptopurine),Cholestasis of pregnancy,양성,trunc_unverified,2022,July,July - September 2022
Purixan (mercaptopurine),Cholestasis of pregnancy,양성,trunc_unverified,2022,July,July - September 2022
Rydapt (midostaurin),Acute febrile neutrophilic dermatosis,양성,pure_update,2022,July,July - September 2022
Sandostatin (octreotide acetate),Exocrine pancreatic function test abnormal,양성,pure_update,2022,July,July - September 2022
Sandostatin LAR Depot (octreotide acetate),Exocrine pancreatic function test abnormal,양성,pure_update,2022,July,July - September 2022
Signifor (pasireotide),Exocrine pancreatic function test abnormal,양성,pure_update,2022,July,July - September 2022
Signifor LAR (pasireotide),Exocrine pancreatic function test abnormal,양성,pure_update,2022,July,July - September 2022
Somatuline Depot (lanreotide),Exocrine pancreatic function test abnormal,양성,pure_update,2022,July,July - September 2022
Tabloid (Thioguanine)*,Cholestasis of pregnancy,양성,trunc_unverified,2022,July,July - September 2022
Tagrisso (osimertinib),Radiation recall phenomenon,음성,mixed_reviewed,2022,July,July - September 2022
Tarceva (erlotinib),Radiation recall phenomenon,음성,mixed_reviewed,2022,July,July - September 2022
Vizimpro (dacomitinib),Radiation recall phenomenon,음성,mixed_reviewed,2022,July,July - September 2022
Vizimpro (dacomitinib),Hepatic and hepatobiliary disorders,음성,mixed_reviewed,2022,July,July - September 2022
Abilify (aripiprazole),Fecal incontinence,양성,mixed_reviewed,2022,October,October - December 2022
Abilify Maintena (aripiprazole),Fecal incontinence,양성,mixed_reviewed,2022,October,October - December 2022
Abilify Mycite (aripiprazole),Fecal incontinence,양성,mixed_reviewed,2022,October,October - December 2022
Apretude (cabotegravir extended-release injectable suspension),Anaphylactic reaction,양성,pure_update,2022,October,October - December 2022
Aristada (aripiprazole lauroxil),Fecal incontinence,양성,mixed_reviewed,2022,October,October - December 2022
Atypical antipsychotics,Fecal incontinence,양성,mixed_reviewed,2022,October,October - December 2022
Avonex (interferon beta-1a),Pulmonary hypertension,양성,pure_update,2022,October,October - December 2022
Betaseron (interferon beta-1b),Pulmonary hypertension,양성,pure_update,2022,October,October - December 2022
Cabenuva (cabotegravir extended-release injectable suspension,Anaphylactic reaction,양성,pure_update,2022,October,October - December 2022
Caplyta (lumateperone),Fecal incontinence,음성,mixed_reviewed,2022,October,October - December 2022
Certain chlorpromazine hydrochloride product (generic product),Similar tablet appearance that may contribute to wrong drug errors,양성,pure_update,2022,October,October - December 2022
Certain glipizide extended-release product (generic product for the trade name Glucotrol XL),Similar tablet appearance that may contribute to wrong drug errors,양성,pure_update,2022,October,October - December 2022
"Clenpiq (sodium picosulfate, magnesium oxide, and anhydrous citric acid)",Syncope,양성,pure_update,2022,October,October - December 2022
Clozaril (clozapine),Fecal incontinence,양성,mixed_reviewed,2022,October,October - December 2022
Definity (perflutren lipid microsphere),Sickle cell anemia with crisis,양성,mixed_reviewed,2022,October,October - December 2022
Eliquis (apixaban),Acute kidney injury,음성,mixed_reviewed,2022,October,October - December 2022
Extavia (interferon beta-1b),Pulmonary hypertension,양성,pure_update,2022,October,October - December 2022
Fanapt (iloperidone),Fecal incontinence,음성,mixed_reviewed,2022,October,October - December 2022
Geodon (ziprasidone mesylate),Fecal incontinence,음성,mixed_reviewed,2022,October,October - December 2022
Geodon (ziprasidone),Fecal incontinence,음성,mixed_reviewed,2022,October,October - December 2022
Hydroxychloroquine sulfate,Hepatotoxicity,양성,pure_update,2022,October,October - December 2022
Hydroxychloroquine sulfate,Neuropsychiatric symptoms,양성,mixed_reviewed,2022,October,October - December 2022
Invega (paliperidone),Fecal incontinence,음성,mixed_reviewed,2022,October,October - December 2022
Invega Hafyera (paliperidone palmitate),Fecal incontinence,음성,mixed_reviewed,2022,October,October - December 2022
Invega Trinza (paliperidone palmitate),Fecal incontinence,음성,mixed_reviewed,2022,October,October - December 2022
Kalydeco (ivacaftor),Acute pancreatitis,음성,mixed_reviewed,2022,October,October - December 2022
Latuda (lurasidone hydrochloride),Fecal incontinence,음성,mixed_reviewed,2022,October,October - December 2022
Lumason (sulfur hexafluoride lipid-type A microspheres),Sickle cell anemia with crisis,음성,mixed_reviewed,2022,October,October - December 2022
Lybalvi (olanzapine and samidorphan),Fecal incontinence,양성,mixed_reviewed,2022,October,October - December 2022
Nexletol (bempedoic acid),Rhabdomyolysis,음성,mixed_reviewed,2022,October,October - December 2022
Nexlizet (bempedoic acid and ezetimibe),Rhabdomyolysis,음성,mixed_reviewed,2022,October,October - December 2022
Non-steroidal anti-inflammatory drugs (NSAIDs),Generalized bullous fixed drug eruption,양성,mixed_reviewed,2022,October,October - December 2022
Nuplazid (pimavanserin),Fecal incontinence,양성,mixed_reviewed,2022,October,October - December 2022
Optison (perflutren protein-type A microspheres),Sickle cell anemia with crisis,음성,mixed_reviewed,2022,October,October - December 2022
Orkambi (lumacaftor and ivacaftor),Acute pancreatitis,음성,mixed_reviewed,2022,October,October - December 2022
Perseris (risperidone),Fecal incontinence,음성,mixed_reviewed,2022,October,October - December 2022
Plaquenil (hydroxychloroquine sulfate),Hepatotoxicity,양성,pure_update,2022,October,October - December 2022
Plaquenil (hydroxychloroquine sulfate),Neuropsychiatric symptoms,양성,mixed_reviewed,2022,October,October - December 2022
Plegridy (peginterferon beta-1a),Pulmonary hypertension,양성,pure_update,2022,October,October - December 2022
Pradaxa (dabigatran etexilate mesylate),Acute kidney injury,양성,mixed_reviewed,2022,October,October - December 2022
"Prepopik (sodium picosulfate, magnesium oxide, and anhydrous citric acid)",Syncope,양성,pure_update,2022,October,October - December 2022
Primaquine (primaquine phosphate),Neuropsychiatric symptoms,음성,mixed_reviewed,2022,October,October - December 2022
Prolia (denosumab),Hypocalcemia,양성,trunc_unverified,2022,October,October - December 2022
Rebif (interferon beta-1a),Pulmonary hypertension,양성,pure_update,2022,October,October - December 2022
Rexulti (brexpiprazole),Fecal incontinence,음성,mixed_reviewed,2022,October,October - December 2022
Risperdal (risperidone),Fecal incontinence,음성,mixed_reviewed,2022,October,October - December 2022
Risperdal Consta (risperidone),Fecal incontinence,음성,mixed_reviewed,2022,October,October - December 2022
Rykindo (risperidone),Fecal incontinence,음성,mixed_reviewed,2022,October,October - December 2022
Saphris (asenapine),Fecal incontinence,음성,mixed_reviewed,2022,October,October - December 2022
Savaysa (edoxaban),Acute kidney injury,양성,mixed_reviewed,2022,October,October - December 2022
Secuado (asenapine),Fecal incontinence,음성,mixed_reviewed,2022,October,October - December 2022
Semglee (insulin glargine),Device malfunction,보류,pending,2022,October,October - December 2022
Seroquel (quetiapine),Fecal incontinence,양성,mixed_reviewed,2022,October,October - December 2022
Seroquel XR (quetiapine),Fecal incontinence,양성,mixed_reviewed,2022,October,October - December 2022
Spravato (esketamine),Respiratory depression,양성,pure_update,2022,October,October - December 2022
Symbyax (olanzapine and fluoxetine),Fecal incontinence,양성,mixed_reviewed,2022,October,October - December 2022
Symdeko (tezacaftor/ivacaftor),Acute pancreatitis,음성,mixed_reviewed,2022,October,October - December 2022
Tivdak (tisotumab vedotin-tftv),Stevens-Johnson syndrome,양성,pure_update,2022,October,October - December 2022
"Trikafta (elexacaftor, tezacaftor, and ivacaftor)",Acute pancreatitis,음성,mixed_reviewed,2022,October,October - December 2022
Versacloz (clozapine),Fecal incontinence,양성,mixed_reviewed,2022,October,October - December 2022
Vocabria (cabotegravir),Anaphylactic reaction,양성,pure_update,2022,October,October - December 2022
Vraylar (cariprazine),Fecal incontinence,음성,mixed_reviewed,2022,October,October - December 2022
Xarelto (rivaroxaban),Acute kidney injury,양성,mixed_reviewed,2022,October,October - December 2022
Zyprexa (olanzapine),Fecal incontinence,양성,mixed_reviewed,2022,October,October - December 2022
Zyprexa Relprevv (olanzapine),Fecal incontinence,양성,mixed_reviewed,2022,October,October - December 2022
Zyprexa Zydis (olanzapine),Fecal incontinence,양성,mixed_reviewed,2022,October,October - December 2022
"rilpivirine extended-release injectable suspension), co-packaged for intramuscular use",Anaphylactic reaction,양성,pure_update,2022,October,October - December 2022
Acetadote (acetylcysteine),Overdose,양성,trunc_unverified,2023,April,April - June 2023
Actonel (risedronate sodium),Non-femoral atypical fracture,보류,pending,2023,April,April - June 2023
Adlarity (donepezil transdermal system),Electrocardiogram QT prolonged,음성,mixed_reviewed,2023,April,April - June 2023
Adlarity (donepezil transdermal system),Torsade de pointes,음성,mixed_reviewed,2023,April,April - June 2023
Aimovig (erenumab-aooe),Raynaud’s phenomenon,보류,pending,2023,April,April - June 2023
Ajovy (fremanezumab-vfrm),Raynaud’s phenomenon,보류,pending,2023,April,April - June 2023
Altoprev (lovastatin extended-release),Myasthenia gravis,보류,pending,2023,April,April - June 2023
Aricept (donepezil hydrochloride),Electrocardiogram QT prolonged,음성,mixed_reviewed,2023,April,April - June 2023
Aricept (donepezil hydrochloride),Torsade de pointes,음성,mixed_reviewed,2023,April,April - June 2023
Aricept ODT (donepezil hydrochloride),Electrocardiogram QT prolonged,음성,mixed_reviewed,2023,April,April - June 2023
Aricept ODT (donepezil hydrochloride),Torsade de pointes,음성,mixed_reviewed,2023,April,April - June 2023
Arimidex (anastrozole),Tendon disorders,양성,pure_update,2023,April,April - June 2023
Aromasin (exemestane),Tendon disorders,양성,pure_update,2023,April,April - June 2023
Aromatase inhibitors,Tendon disorders,양성,pure_update,2023,April,April - June 2023
Atelvia (risedronate sodium),Non-femoral atypical fracture,보류,pending,2023,April,April - June 2023
Atorvaliq (atorvastatin calcium),Myasthenia gravis,보류,pending,2023,April,April - June 2023
Avonex (interferon beta-1a),Myocardial infarction,음성,pure_noaction,2023,April,April - June 2023
Bactrim (sulfamethoxazole and trimethoprim),Acute respiratory failure,양성,pure_update,2023,April,April - June 2023
Bafiertam (monomethyl fumarate),Gastrointestinal haemorrhage,보류,pending,2023,April,April - June 2023
Betaseron (interferon beta-1b),Myocardial infarction,음성,pure_noaction,2023,April,April - June 2023
Binosto (alendronate sodium),Non-femoral atypical fracture,보류,pending,2023,April,April - June 2023
Bisphosphonates,Non-femoral atypical fracture,보류,pending,2023,April,April - June 2023
Bloxiverz (neostigmine methylsulfate),Electrocardiogram QT prolonged,음성,mixed_reviewed,2023,April,April - June 2023
Bloxiverz (neostigmine methylsulfate),Torsade de pointes,음성,mixed_reviewed,2023,April,April - June 2023
Boniva (ibandronate sodium),Non-femoral atypical fracture,보류,pending,2023,April,April - June 2023
Brilinta (ticagrelor),Drug-drug interaction leading to an increased risk of rhabdomyolysis,양성,pure_update,2023,April,April - June 2023
Brineura (cerliponase alfa),Hypersensitivity,양성,pure_update,2023,April,April - June 2023
Bylvay (odevixibat),Hemorrhage,양성,pure_update,2023,April,April - June 2023
Caduet (amlodipine and atorvastatin),Myasthenia gravis,보류,pending,2023,April,April - June 2023
Calcitonin gene-related peptide receptor antagonists,Raynaud’s phenomenon,보류,pending,2023,April,April - June 2023
Cerezyme (imiglucerase),Hypersensitivity,양성,pure_update,2023,April,April - June 2023
Certain Magnesium Sulfate in Dextrose Injection (generic product),Look alike container labels that may contribute to wrong drug errors,음성,mixed_reviewed,2023,April,April - June 2023
Certain acetaminophen and oxycodone product (generic product),Similar tablet appearance that may contribute to wrong drug errors,음성,mixed_reviewed,2023,April,April - June 2023
Certain fluorouracil product (generic product for the trade name Efudex),Look alike container labels that contribute to wrong drug errors,양성,mixed_reviewed,2023,April,April - June 2023
Certain loratadine product (generic product for the trade name Claritin),Similar tablet appearance that may contribute to wrong drug errors,양성,mixed_reviewed,2023,April,April - June 2023
Cholinesterase inhibitors,Electrocardiogram QT prolonged,음성,mixed_reviewed,2023,April,April - June 2023
Cholinesterase inhibitors,Torsade de pointes,음성,mixed_reviewed,2023,April,April - June 2023
Crestor (rosuvastatin),Drug-drug interaction leading to an increased risk of rhabdomyolysis,양성,pure_update,2023,April,April - June 2023
Crestor (rosuvastatin),Myasthenia gravis,보류,pending,2023,April,April - June 2023
Dotarem (gadoterate meglumine),Pancreatitis acute,양성,pure_update,2023,April,April - June 2023
Elelyso (taliglucerase alfa),Hypersensitivity,양성,pure_update,2023,April,April - June 2023
Elucirem (gadopiclenol),Pancreatitis acute,양성,pure_update,2023,April,April - June 2023
Emgality (galcanezumab-gnlm),Raynaud’s phenomenon,보류,pending,2023,April,April - June 2023
Enlon-Plus (edrophonium chloride and atropine sulfate),Electrocardiogram QT prolonged,음성,mixed_reviewed,2023,April,April - June 2023
Enlon-Plus (edrophonium chloride and atropine sulfate),Torsade de pointes,음성,mixed_reviewed,2023,April,April - June 2023
Enzyme replacement therapy,Hypersensitivity,양성,pure_update,2023,April,April - June 2023
Eovist (gadoxetate disodium),Pancreatitis acute,양성,pure_update,2023,April,April - June 2023
Exelon Patch (rivastigmine transdermal system),Electrocardiogram QT prolonged,양성,mixed_reviewed,2023,April,April - June 2023
Exelon Patch (rivastigmine transdermal system),Torsade de pointes,양성,mixed_reviewed,2023,April,April - June 2023
Extavia (interferon beta-1b),Myocardial infarction,음성,pure_noaction,2023,April,April - June 2023
Ezallor Sprinkle (rosuvastatin),Drug-drug interaction leading to an increased risk of rhabdomyolysis,양성,pure_update,2023,April,April - June 2023
Ezallor Sprinkle (rosuvastatin),Myasthenia gravis,보류,pending,2023,April,April - June 2023
Fabrazyme (agalsidase beta),Hypersensitivity,양성,pure_update,2023,April,April - June 2023
Femara (letrozole),Tendon disorders,양성,pure_update,2023,April,April - June 2023
Flolipid (simvastatin),Myasthenia gravis,보류,pending,2023,April,April - June 2023
Fosamax (alendronate sodium),Non-femoral atypical fracture,보류,pending,2023,April,April - June 2023
Fosamax Plus D (alendronate sodium/cholecalciferol),Non-femoral atypical fracture,보류,pending,2023,April,April - June 2023
Gadavist (gadobutrol),Pancreatitis acute,양성,pure_update,2023,April,April - June 2023
Gadolinium-based contrast agents,Pancreatitis acute,양성,pure_update,2023,April,April - June 2023
Galzin (zinc acetate),Cytopenia,양성,pure_update,2023,April,April - June 2023
Generic products containing HMG-CoA reductase inhibitors,Myasthenia gravis,보류,pending,2023,April,April - June 2023
Generic products containing bisphosphonates,Non-femoral atypical fracture,보류,pending,2023,April,April - June 2023
"Generic products containing dimethyl fumarate, diroximel fumarate or monomethyl fumarate",Gastrointestinal haemorrhage,보류,pending,2023,April,April - June 2023
Generic products containing sulfamethoxazole and trimethoprim,Acute respiratory failure,양성,pure_update,2023,April,April - June 2023
Givlaari (givosiran),Hyperhomocysteinemia,음성,mixed_reviewed,2023,April,April - June 2023
Givlaari (givosiran),Pancreatitis,양성,pure_update,2023,April,April - June 2023
HMG-CoA reductase inhibitors,Myasthenia gravis,보류,pending,2023,April,April - June 2023
Isoniazid,Severe cutaneous adverse reactions,양성,pure_update,2023,April,April - June 2023
Kalydeco (ivacaftor),Cataract congenital,음성,mixed_reviewed,2023,April,April - June 2023
Kanuma (sebelipase alfa),Hypersensitivity,양성,pure_update,2023,April,April - June 2023
Lescol XL (fluvastatin sodium),Myasthenia gravis,보류,pending,2023,April,April - June 2023
Liptruzet (ezetimibe and atorvastatin),Myasthenia gravis,보류,pending,2023,April,April - June 2023
Livalo (pitavastatin),Myasthenia gravis,보류,pending,2023,April,April - June 2023
Livmarli (maralixibat),Hemorrhage,양성,pure_update,2023,April,April - June 2023
Mestinon (pyridostigmine bromide),Electrocardiogram QT prolonged,음성,mixed_reviewed,2023,April,April - June 2023
Mestinon (pyridostigmine bromide),Torsade de pointes,음성,mixed_reviewed,2023,April,April - June 2023
Midazolam in Sodium Chloride Injection,Look alike container labels that may contribute to wrong drug errors,양성,mixed_reviewed,2023,April,April - June 2023
Mounjaro (tirzepatide),Hypersensitivity,양성,pure_update,2023,April,April - June 2023
MultiHance (gadobenate dimeglumine),Pancreatitis acute,양성,pure_update,2023,April,April - June 2023
MultiHance Multipack (gadobenate dimeglumine),Pancreatitis acute,양성,pure_update,2023,April,April - June 2023
Naglazyme (galsulfase),Hypersensitivity,양성,pure_update,2023,April,April - June 2023
Namzaric (memantine and donepezil hydrochlorides),Electrocardiogram QT prolonged,음성,mixed_reviewed,2023,April,April - June 2023
Namzaric (memantine and donepezil hydrochlorides),Torsade de pointes,음성,mixed_reviewed,2023,April,April - June 2023
Neostigmine methylsulfate,Electrocardiogram QT prolonged,음성,mixed_reviewed,2023,April,April - June 2023
Neostigmine methylsulfate,Torsade de pointes,음성,mixed_reviewed,2023,April,April - June 2023
Nikita (pitavastatin),Myasthenia gravis,보류,pending,2023,April,April - June 2023
Nurtec ODT (rimegepant),Raynaud’s phenomenon,보류,pending,2023,April,April - June 2023
Nydrazid (isoniazid),Severe cutaneous adverse reactions,양성,pure_update,2023,April,April - June 2023
Omniscan (gadodiamide),Pancreatitis acute,양성,pure_update,2023,April,April - June 2023
Omniscan (gadodiamide) Pharmacy Bulk Package,Pancreatitis acute,양성,pure_update,2023,April,April - June 2023
Orkambi (lumacaftor and ivacaftor),Cataract congenital,음성,mixed_reviewed,2023,April,April - June 2023
Padcev (enfortumab vedotin-ejfv),Allergic conditions,음성,mixed_reviewed,2023,April,April - June 2023
Plegridy (peginterferon beta-1a),Myocardial infarction,음성,pure_noaction,2023,April,April - June 2023
Pravachol (pravastatin sodium),Myasthenia gravis,보류,pending,2023,April,April - June 2023
Prevduo (neostigmine methylsulfate and glycopyrrolate),Electrocardiogram QT prolonged,음성,mixed_reviewed,2023,April,April - June 2023
Prevduo (neostigmine methylsulfate and glycopyrrolate),Torsade de pointes,음성,mixed_reviewed,2023,April,April - June 2023
Prohance (gadoteridol injection),Pancreatitis acute,양성,pure_update,2023,April,April - June 2023
Prohance Multipack (gadoteridol injection),Pancreatitis acute,양성,pure_update,2023,April,April - June 2023
Pyridostigmine bromide,Electrocardiogram QT prolonged,음성,mixed_reviewed,2023,April,April - June 2023
Pyridostigmine bromide,Torsade de pointes,음성,mixed_reviewed,2023,April,April - June 2023
Qulipta (atogepant),Raynaud’s phenomenon,보류,pending,2023,April,April - June 2023
Razadyne ER (galantamine),Electrocardiogram QT prolonged,음성,mixed_reviewed,2023,April,April - June 2023
Razadyne ER (galantamine),Torsade de pointes,음성,mixed_reviewed,2023,April,April - June 2023
Rebif (interferon beta-1a),Myocardial infarction,음성,pure_noaction,2023,April,April - June 2023
Reclast (zoledronic acid),Non-femoral atypical fracture,보류,pending,2023,April,April - June 2023
Regonol (pyridostigmine bromide),Electrocardiogram QT prolonged,음성,mixed_reviewed,2023,April,April - June 2023
Regonol (pyridostigmine bromide),Torsade de pointes,음성,mixed_reviewed,2023,April,April - June 2023
"Rifater (rifampin, isoniazid, and pyrazinamide)",Severe cutaneous adverse reactions,양성,pure_update,2023,April,April - June 2023
Roszet (rosuvastatin and ezetimibe),Drug-drug interaction leading to an increased risk of rhabdomyolysis,양성,pure_update,2023,April,April - June 2023
Roszet (rosuvastatin and ezetimibe),Myasthenia gravis,보류,pending,2023,April,April - June 2023
Septra (trimethoprim and sulfamethoxazole),Acute respiratory failure,양성,pure_update,2023,April,April - June 2023
Strensiq (asfotase alfa),Hypersensitivity,양성,pure_update,2023,April,April - June 2023
Sulfatrim (sulfamethoxazole and trimethoprim),Acute respiratory failure,양성,pure_update,2023,April,April - June 2023
"Sutab (sodium sulfate, magnesium sulfate, and potassium chloride)",Accidental ingestion of product desiccant,양성,pure_update,2023,April,April - June 2023
Symdeko (tezacaftor/ivacaftor),Cataract congenital,음성,mixed_reviewed,2023,April,April - June 2023
Tabrecta (capmatinib),Thrombocytopenia,양성,pure_update,2023,April,April - June 2023
Tafinlar (dabrafenib),Radiation recall phenomenon,음성,mixed_reviewed,2023,April,April - June 2023
Tecfidera (dimethyl fumarate),Gastrointestinal haemorrhage,보류,pending,2023,April,April - June 2023
Tensilon (edrophonium chloride),Electrocardiogram QT prolonged,음성,mixed_reviewed,2023,April,April - June 2023
Tensilon (edrophonium chloride),Torsade de pointes,음성,mixed_reviewed,2023,April,April - June 2023
Tivdak (tisotumab vedotin-tftv),Allergic conditions,음성,mixed_reviewed,2023,April,April - June 2023
"Trikafta (elexacaftor, tezacaftor, and ivacaftor)",Cataract congenital,음성,mixed_reviewed,2023,April,April - June 2023
Ubrelvy (ubrogepant),Raynaud’s phenomenon,보류,pending,2023,April,April - June 2023
Vpriv (velaglucerase alfa),Hypersensitivity,양성,pure_update,2023,April,April - June 2023
Vumerity (diroximel fumarate),Gastrointestinal haemorrhage,보류,pending,2023,April,April - June 2023
Vyepti (eptinezumab-jjmr),Raynaud’s phenomenon,보류,pending,2023,April,April - June 2023
Vytorin (ezetimibe and simvastatin),Myasthenia gravis,보류,pending,2023,April,April - June 2023
Vyvgart (efgartigimod alfa-fcab),Anaphylactic reaction,양성,pure_update,2023,April,April - June 2023
Vyvgart (efgartigimod alfa-fcab),Infusion related reaction,양성,pure_update,2023,April,April - June 2023
Vyvgart Hytrulo (efgartigimod alfa and hyaluronidase-qvfc),Anaphylactic reaction,양성,pure_update,2023,April,April - June 2023
Vyvgart Hytrulo (efgartigimod alfa and hyaluronidase-qvfc),Infusion related reaction,양성,pure_update,2023,April,April - June 2023
Zinc Chloride Injection,Cytopenia,양성,pure_update,2023,April,April - June 2023
Zypitamag (pitavastatin),Myasthenia gravis,보류,pending,2023,April,April - June 2023
4% Citanest Plain Dental (prilocaine hydrochloride injection),Hepatic enzymes and function abnormalities,보류,pending,2023,January,January - March 2023
Actiq (fentanyl citrate),Hypoglycemia,양성,trunc_unverified,2023,January,January - March 2023
Alfentanil Hydrochloride Injection,Hypoglycemia,양성,trunc_unverified,2023,January,January - March 2023
Apadaz (benzhydrocodone and acetaminophen),Hypoglycemia,양성,trunc_unverified,2023,January,January - March 2023
Belbuca (buprenorphine buccal film),Hypoglycemia,양성,trunc_unverified,2023,January,January - March 2023
"Biktarvy (bictegravir, emtricitabine, and tenofovir alafenamide)",Weight increased,양성,pure_update,2023,January,January - March 2023
Braftovi (encorafenib),Photosensitivity reaction,양성,pure_update,2023,January,January - March 2023
Brukinsa (zanubrutinib),Drug-induced liver injury,양성,pure_update,2023,January,January - March 2023
Buprenex (buprenorphine hydrochloride),Hypoglycemia,양성,trunc_unverified,2023,January,January - March 2023
"Butalbital, Acetaminophen, Caffeine, and Codeine Phosphate Capsules",Hypoglycemia,양성,trunc_unverified,2023,January,January - March 2023
Butrans (buprenorphine),Hypoglycemia,양성,trunc_unverified,2023,January,January - March 2023
Calquence (acalabrutinib),Drug-induced liver injury,양성,pure_update,2023,January,January - March 2023
Carbocaine (mepivacaine hydrochloride),Hepatic enzymes and function abnormalities,보류,pending,2023,January,January - March 2023
Cassipa (buprenorphine and naloxone),Hypoglycemia,양성,trunc_unverified,2023,January,January - March 2023
Clorotekal (chloroprocaine hydrochloride),Hepatic enzymes and function abnormalities,보류,pending,2023,January,January - March 2023
Codeine Sulfate Oral Solution,Hypoglycemia,양성,trunc_unverified,2023,January,January - March 2023
Codeine Sulfate Tablets,Hypoglycemia,양성,trunc_unverified,2023,January,January - March 2023
Delsam Pharma’s Artificial Eye Ointment,Product contamination microbial,양성,oldformat_reviewed,2023,January,January - March 2023
Demerol (meperidine hydrochloride),Hypoglycemia,양성,trunc_unverified,2023,January,January - March 2023
Dilaudid (hydromorphone hydrochloride),Hypoglycemia,양성,trunc_unverified,2023,January,January - March 2023
Diskets (methadone hydrochloride),Accidental exposure to product by child,보류,pending,2023,January,January - March 2023
Droxia (hydroxyurea),Drug-device interaction,양성,trunc_unverified,2023,January,January - March 2023
Dsuvia (sufentanil),Hypoglycemia,양성,trunc_unverified,2023,January,January - March 2023
Duramorph (morphine sulfate),Hypoglycemia,양성,trunc_unverified,2023,January,January - March 2023
Emla Cream (lidocaine 2.5% and prilocaine 2.5%),Hepatic enzymes and function abnormalities,보류,pending,2023,January,January - March 2023
Entyvio (vedolizumab),Interstitial lung disease,양성,mixed_reviewed,2023,January,January - March 2023
Exparel (bupivacaine liposome injectable suspension),Hepatic enzymes and function abnormalities,보류,pending,2023,January,January - March 2023
EzriCare Artificial Tears,Product contamination microbial,양성,oldformat_reviewed,2023,January,January - March 2023
Fentanyl Citrate Injection,Hypoglycemia,양성,trunc_unverified,2023,January,January - March 2023
Fentora (fentanyl buccal tablet),Hypoglycemia,양성,trunc_unverified,2023,January,January - March 2023
"Fiorinal with Codeine (butalbital, aspirin, caffeine and codeine phosphate)",Hypoglycemia,양성,trunc_unverified,2023,January,January - March 2023
Flowtuss (hydrocodone and guaifenesin)*,Hypoglycemia,양성,trunc_unverified,2023,January,January - March 2023
Goprelto (cocaine hydrochloride),Hepatic enzymes and function abnormalities,보류,pending,2023,January,January - March 2023
Hycodan (hydrocodone bitartrate and homatropine methylbromide)*,Hypoglycemia,양성,trunc_unverified,2023,January,January - March 2023
"Hycofenix (hydrocodone, pseudoephedrine, and guaifenesin)*",Hypoglycemia,양성,trunc_unverified,2023,January,January - March 2023
Hydrea (hydroxyurea)*,Drug-device interaction,양성,trunc_unverified,2023,January,January - March 2023
Hydromorphone Hydrochloride Injection,Hypoglycemia,양성,trunc_unverified,2023,January,January - March 2023
Hysingla ER (hydrocodone bitartrate),Hypoglycemia,양성,trunc_unverified,2023,January,January - March 2023
Iclusig (ponatinib),Panniculitis,양성,mixed_reviewed,2023,January,January - March 2023
Imbruvica (ibrutinib),Drug-induced liver injury,양성,pure_update,2023,January,January - March 2023
Infumorph (morphine sulfate),Hypoglycemia,양성,trunc_unverified,2023,January,January - March 2023
Jaypirca (pirtobrutinib),Drug-induced liver injury,양성,pure_update,2023,January,January - March 2023
Kadian (morphine sulfate),Hypoglycemia,양성,trunc_unverified,2023,January,January - March 2023
Kineret (anakinra),Amyloidosis,양성,pure_update,2023,January,January - March 2023
Kovanaze (oxymetazoline hydrochloride and tetracaine hydrochloride),Hepatic enzymes and function abnormalities,보류,pending,2023,January,January - March 2023
Lidoderm (lidocaine patch 5%),Hepatic enzymes and function abnormalities,보류,pending,2023,January,January - March 2023
Local anesthetics,Hepatic enzymes and function abnormalities,보류,pending,2023,January,January - March 2023
MS Contin (morphine sulfate extended release),Hypoglycemia,양성,trunc_unverified,2023,January,January - March 2023
Marcaine Hydrochloride (bupivacaine hydrochloride),Hepatic enzymes and function abnormalities,보류,pending,2023,January,January - March 2023
Mavenclad (cladribine),Infections and infestations,양성,pure_update,2023,January,January - March 2023
Mekinist (trametinib),Photosensitivity reaction,양성,pure_update,2023,January,January - March 2023
Mektovi (binimetinib),Photosensitivity reaction,양성,pure_update,2023,January,January - March 2023
Mepergan (meperidine hydrochloride and promethazine hydrochloride),Hypoglycemia,양성,trunc_unverified,2023,January,January - March 2023
Methadone Hydrochloride,Accidental exposure to product by child,보류,pending,2023,January,January - March 2023
Methadose (methadone hydrochloride),Accidental exposure to product by child,보류,pending,2023,January,January - March 2023
Morphine Sulfate Injection,Hypoglycemia,양성,trunc_unverified,2023,January,January - March 2023
Morphine Sulfate Oral Solution,Hypoglycemia,양성,trunc_unverified,2023,January,January - March 2023
Morphine Sulfate Tablets,Hypoglycemia,양성,trunc_unverified,2023,January,January - March 2023
Naropin (ropivacaine hydrochloride),Hepatic enzymes and function abnormalities,보류,pending,2023,January,January - March 2023
Nesacain (chloroprocaine hydrochloride injection),Hepatic enzymes and function abnormalities,보류,pending,2023,January,January - March 2023
Nexletol (bempedoic acid),Hypersensitivity,양성,trunc_unverified,2023,January,January - March 2023
Nexlizet (bempedoic acid and ezetimibe) *,Hypersensitivity,양성,trunc_unverified,2023,January,January - March 2023
Norepinephrine Bitartrate in Dextrose Injection,Product label confusion contributing to medication error,양성,pure_update,2023,January,January - March 2023
Nubain (nalbuphine hydrochloride),Hypoglycemia,양성,trunc_unverified,2023,January,January - March 2023
Nucynta (tapentadol),Hypoglycemia,양성,trunc_unverified,2023,January,January - March 2023
Nucynta ER (tapentadol),Hypoglycemia,양성,trunc_unverified,2023,January,January - March 2023
Numbrino (cocaine hydrochloride),Hepatic enzymes and function abnormalities,보류,pending,2023,January,January - March 2023
Obredon (hydrocodone bitartrate and guaifenesin)*,Hypoglycemia,양성,trunc_unverified,2023,January,January - March 2023
Olinvyk (oliceridine),Hypoglycemia,양성,trunc_unverified,2023,January,January - March 2023
Opana ER (oxymorphone hydrochloride),Hypoglycemia,양성,trunc_unverified,2023,January,January - March 2023
Opioids,Hypoglycemia,양성,trunc_unverified,2023,January,January - March 2023
Orabloc (articaine hydrochloride and epinephrine),Hepatic enzymes and function abnormalities,보류,pending,2023,January,January - March 2023
Oraqix (lidocaine and prilocaine periodontal gel),Hepatic enzymes and function abnormalities,보류,pending,2023,January,January - March 2023
Oxaydo (oxycodone hydrochloride),Hypoglycemia,양성,trunc_unverified,2023,January,January - March 2023
Oxycodone Hydrochloride Capsules,Hypoglycemia,양성,trunc_unverified,2023,January,January - March 2023
Oxycodone Hydrochloride Oral Solution,Hypoglycemia,양성,trunc_unverified,2023,January,January - March 2023
Oxycontin (oxycodone hydrochloride),Hypoglycemia,양성,trunc_unverified,2023,January,January - March 2023
Percodan (oxycodone and aspirin),Hypoglycemia,양성,trunc_unverified,2023,January,January - March 2023
Pliaglis (lidocaine and tetracaine),Hepatic enzymes and function abnormalities,보류,pending,2023,January,January - March 2023
Posimir (bupivacaine solution),Hepatic enzymes and function abnormalities,보류,pending,2023,January,January - March 2023
"Prilocaine hydrochloride 4% with epinephrine 1:200,000 injection",Hepatic enzymes and function abnormalities,보류,pending,2023,January,January - March 2023
Probuphine (buprenorphine),Hypoglycemia,양성,trunc_unverified,2023,January,January - March 2023
Promethazine HCl and Codeine Phosphate*,Hypoglycemia,양성,trunc_unverified,2023,January,January - March 2023
"Promethazine HCl, Phenylephrine HCl, and Codeine Phosphate*",Hypoglycemia,양성,trunc_unverified,2023,January,January - March 2023
Recothrom (thrombin topical recombinant),Thrombosis due to inadvertent IV administration,양성,trunc_unverified,2023,January,January - March 2023
Roxicodone (oxycodone hydrochloride),Hypoglycemia,양성,trunc_unverified,2023,January,January - March 2023
Roxybond (oxycodone hydrochloride),Hypoglycemia,양성,trunc_unverified,2023,January,January - March 2023
Scemblix (asciminib),Panniculitis,음성,mixed_reviewed,2023,January,January - March 2023
Sensorcaine (bupivacaine hydrochloride),Hepatic enzymes and function abnormalities,보류,pending,2023,January,January - March 2023
Sensorcaine with epinephrine (bupivacaine hydrochloride and epinephrine),Hepatic enzymes and function abnormalities,보류,pending,2023,January,January - March 2023
Septocaine (articaine hydrochloride and epinephrine injection),Hepatic enzymes and function abnormalities,보류,pending,2023,January,January - March 2023
Siklos (hydroxyurea),Drug-device interaction,양성,trunc_unverified,2023,January,January - March 2023
Sublocade (buprenorphine extended release),Hypoglycemia,양성,trunc_unverified,2023,January,January - March 2023
Suboxone (buprenorphine and naloxone),Hypoglycemia,양성,trunc_unverified,2023,January,January - March 2023
Sufentanil Citrate Injection,Hypoglycemia,양성,trunc_unverified,2023,January,January - March 2023
"Synalgos-DC (aspirin, caffeine, and dihydrocodeine bitartrate)",Hypoglycemia,양성,trunc_unverified,2023,January,January - March 2023
Synera (lidocaine and tetracaine),Hepatic enzymes and function abnormalities,보류,pending,2023,January,January - March 2023
Tafinlar (dabrafenib),Photosensitivity reaction,양성,pure_update,2023,January,January - March 2023
Tepezza (teprotumumab-trbw),Hearing impairment,양성,pure_update,2023,January,January - March 2023
Turalio (pexidartinib),Diarrhea,음성,mixed_reviewed,2023,January,January - March 2023
Turalio (pexidartinib),Photosensitivity reaction,양성,pure_update,2023,January,January - March 2023
Tuxarin ER (chlorpheniramine maleate and codeine phosphate)*,Hypoglycemia,양성,trunc_unverified,2023,January,January - March 2023
Tuzistra XR (chlorpheniramine and codeine)*,Hypoglycemia,양성,trunc_unverified,2023,January,January - March 2023
Tysabri (natalizumab),Interstitial lung disease,음성,mixed_reviewed,2023,January,January - March 2023
Ultiva (remifentanil hydrochloride),Hypoglycemia,양성,trunc_unverified,2023,January,January - March 2023
Xaracoll (bupivacaine hydrochloride),Hepatic enzymes and function abnormalities,보류,pending,2023,January,January - March 2023
Xtampza ER (oxycodone),Hypoglycemia,양성,trunc_unverified,2023,January,January - March 2023
Xtrelus (hydrocodone bitrate and guaifenesin)*,Hypoglycemia,양성,trunc_unverified,2023,January,January - March 2023
Xylocaine (lidocaine hydrochloride and epinephrine injection),Hepatic enzymes and function abnormalities,보류,pending,2023,January,January - March 2023
Xylocaine Dental (lidocaine hydrochloride injection),Hepatic enzymes and function abnormalities,보류,pending,2023,January,January - March 2023
Zingo (lidocaine hydrochloride monohydrate),Hepatic enzymes and function abnormalities,보류,pending,2023,January,January - March 2023
Ztlido (lidocaine topical system),Hepatic enzymes and function abnormalities,보류,pending,2023,January,January - March 2023
Zubsolv (buprenorphine and naloxone sublingual tablets),Hypoglycemia,양성,trunc_unverified,2023,January,January - March 2023
Zynrelef (bupivacaine and meloxicam),Hepatic enzymes and function abnormalities,보류,pending,2023,January,January - March 2023
Abecma (idecabtagene vicleucel),Post-treatment T-cell malignancy,양성,trunc_unverified,2023,July,July - September 2023
Adlyxin (lixisenatide),Alopecia,양성,mixed_reviewed,2023,July,July - September 2023
Adlyxin (lixisenatide),Aspiration,양성,trunc_unverified,2023,July,July - September 2023
Adlyxin (lixisenatide),Suicidal ideation,보류,pending,2023,July,July - September 2023
"Allergenic Extract – Peanut (Arachis hypogaea) - For Diagnostic Use Only, manufactured by ALK-Abelló, Inc","Certain product lots were associated with increased reports of false negative skin test results, with some cases of anaphylaxis from subsequent peanut exposure",양성,trunc_unverified,2023,July,July - September 2023
Amoxil (amoxicillin),Drug-Induced Enterocolitis Syndrome,양성,pure_update,2023,July,July - September 2023
Augmentin (amoxicillin and clavulanate potassium),Drug-Induced Enterocolitis Syndrome,양성,pure_update,2023,July,July - September 2023
Augmentin ES-600 (amoxicillin and clavulanate potassium),Drug-Induced Enterocolitis Syndrome,양성,pure_update,2023,July,July - September 2023
Augmentin XR (amoxicillin and clavulanate potassium),Drug-Induced Enterocolitis Syndrome,양성,pure_update,2023,July,July - September 2023
BCMA- or CD19-directed genetically modified autologous T-cell immunotherapies,Post-treatment T-cell malignancy,양성,trunc_unverified,2023,July,July - September 2023
Bactrim (sulfamethoxazole and trimethoprim),Hemophagocytic lymphohistiocytosis,양성,pure_update,2023,July,July - September 2023
Bactrim DS (sulfamethoxazole and trimethoprim),Hemophagocytic lymphohistiocytosis,양성,pure_update,2023,July,July - September 2023
Brenzavvy (bexagliflozin),Diabetic ketoacidosis,양성,pure_update,2023,July,July - September 2023
Breyanzi (lisocabtagene maraleucel),Post-treatment T-cell malignancy,양성,trunc_unverified,2023,July,July - September 2023
Bydureon (exenatide),Alopecia,음성,mixed_reviewed,2023,July,July - September 2023
Bydureon (exenatide),Aspiration,양성,trunc_unverified,2023,July,July - September 2023
Bydureon (exenatide),Suicidal ideation,보류,pending,2023,July,July - September 2023
Bydureon BCise (exenatide),Alopecia,음성,mixed_reviewed,2023,July,July - September 2023
Bydureon BCise (exenatide),Suicidal ideation,보류,pending,2023,July,July - September 2023
Bydureon BCise(exenatide),Aspiration,양성,trunc_unverified,2023,July,July - September 2023
Byetta (exenatide),Alopecia,음성,mixed_reviewed,2023,July,July - September 2023
Byetta (exenatide),Aspiration,양성,trunc_unverified,2023,July,July - September 2023
Byetta (exenatide),Suicidal ideation,보류,pending,2023,July,July - September 2023
Cabometyx (cabozantinib),Rhabdomyolysis,음성,mixed_reviewed,2023,July,July - September 2023
Carvykti (ciltacabtagene autoleucel),Post-treatment T-cell malignancy,양성,trunc_unverified,2023,July,July - September 2023
Cometriq (cabozantinib),Rhabdomyolysis,음성,mixed_reviewed,2023,July,July - September 2023
Elepsia XR (levetiracetam),Drug reaction with eosinophilia and systemic symptoms,양성,trunc_unverified,2023,July,July - September 2023
Farxiga (dapagliflozin),Diabetic ketoacidosis,양성,pure_update,2023,July,July - September 2023
Gemcitabine,Drug reaction with eosinophilia and systemic symptoms,양성,trunc_unverified,2023,July,July - September 2023
Gilenya (fingolimod),Progressive multifocal leukoencephalopathy,양성,trunc_unverified,2023,July,July - September 2023
Glucagon-like peptide-1 (GLP-1) receptor agonists,Alopecia,양성,mixed_reviewed,2023,July,July - September 2023
Glucagon-like peptide-1 (GLP-1) receptor agonists,Aspiration,양성,trunc_unverified,2023,July,July - September 2023
Glucagon-like peptide-1 (GLP-1) receptor agonists,Suicidal ideation,보류,pending,2023,July,July - September 2023
Glyxambi (empagliflozin and linagliptin),Diabetic ketoacidosis,양성,pure_update,2023,July,July - September 2023
Infugem (gemcitabine in sodium chloride injection),Drug reaction with eosinophilia and systemic symptoms,양성,trunc_unverified,2023,July,July - September 2023
Inpefa (sotagliflozin),Diabetic ketoacidosis,양성,pure_update,2023,July,July - September 2023
Invokamet (canagliflozin and metformin hydrochloride tablets),Diabetic ketoacidosis,양성,pure_update,2023,July,July - September 2023
Invokamet XR (canagliflozin and metformin hydrochloride tablets),Diabetic ketoacidosis,양성,pure_update,2023,July,July - September 2023
Invokana (canagliflozin),Diabetic ketoacidosis,양성,pure_update,2023,July,July - September 2023
Jardiance (empagliflozin),Diabetic ketoacidosis,양성,pure_update,2023,July,July - September 2023
Keppra (levetiracetam),Drug reaction with eosinophilia and systemic symptoms,양성,trunc_unverified,2023,July,July - September 2023
Keppra XR (levetiracetam),Drug reaction with eosinophilia and systemic symptoms,양성,trunc_unverified,2023,July,July - September 2023
Kymriah (tisagenlecleucel),Post-treatment T-cell malignancy,양성,trunc_unverified,2023,July,July - September 2023
Kyprolis (carfilzomib),Anaphylactic reaction,음성,mixed_reviewed,2023,July,July - September 2023
Levetiracetam in Sodium Chloride,Drug reaction with eosinophilia and systemic symptoms,양성,trunc_unverified,2023,July,July - September 2023
Lupkynis (voclosporin),Nausea and vomiting symptoms,양성,pure_update,2023,July,July - September 2023
Mayzent (siponimod),Progressive multifocal leukoencephalopathy,양성,trunc_unverified,2023,July,July - September 2023
Mounjaro (tirzepatide),Alopecia,양성,mixed_reviewed,2023,July,July - September 2023
Mounjaro (tirzepatide),Aspiration,양성,trunc_unverified,2023,July,July - September 2023
Mounjaro (tirzepatide),Suicidal ideation,보류,pending,2023,July,July - September 2023
Moxatag (amoxicillin extended-release tablets),Drug-Induced Enterocolitis Syndrome,양성,pure_update,2023,July,July - September 2023
Ninlaro (ixazomib),Anaphylactic reaction,양성,mixed_reviewed,2023,July,July - September 2023
Ocrevus (ocrelizumab),Drug-induced liver injury,양성,trunc_unverified,2023,July,July - September 2023
Omeclamox-Pak (omeprazole delayed-release capsules,Drug-Induced Enterocolitis Syndrome,양성,pure_update,2023,July,July - September 2023
Onfi (clobazam),Drug reaction with eosinophilia and systemic symptoms,양성,trunc_unverified,2023,July,July - September 2023
Ozempic (semaglutide),Alopecia,양성,mixed_reviewed,2023,July,July - September 2023
Ozempic (semaglutide),Aspiration,양성,trunc_unverified,2023,July,July - September 2023
Ozempic (semaglutide),Suicidal ideation,보류,pending,2023,July,July - September 2023
Phyrago (dasatinib),Chylothorax,양성,pure_update,2023,July,July - September 2023
Ponvory (ponesimod),Progressive multifocal leukoencephalopathy,양성,trunc_unverified,2023,July,July - September 2023
Qtern (saxagliptin and dapagliflozin),Diabetic ketoacidosis,양성,pure_update,2023,July,July - September 2023
Rybelsus (semaglutide),Alopecia,양성,mixed_reviewed,2023,July,July - September 2023
Rybelsus (semaglutide),Aspiration,양성,trunc_unverified,2023,July,July - September 2023
Rybelsus (semaglutide),Suicidal ideation,보류,pending,2023,July,July - September 2023
Saxenda (liraglutide),Alopecia,양성,mixed_reviewed,2023,July,July - September 2023
Saxenda (liraglutide),Aspiration,양성,trunc_unverified,2023,July,July - September 2023
Saxenda (liraglutide),Suicidal ideation,보류,pending,2023,July,July - September 2023
Segluromet (ertugliflozin and metformin),Diabetic ketoacidosis,양성,pure_update,2023,July,July - September 2023
Septra (sulfamethoxazole and trimethoprim),Hemophagocytic lymphohistiocytosis,양성,pure_update,2023,July,July - September 2023
Septra DS (sulfamethoxazole and trimethoprim),Hemophagocytic lymphohistiocytosis,양성,pure_update,2023,July,July - September 2023
Sodium-glucose cotransporter-2 (SGLT2) inhibitors,Diabetic ketoacidosis,양성,pure_update,2023,July,July - September 2023
Soliqua 100/33 (insulin glargine and lixisenatide),Alopecia,양성,mixed_reviewed,2023,July,July - September 2023
Soliqua 100/33 (insulin glargine and lixisenatide),Aspiration,양성,trunc_unverified,2023,July,July - September 2023
Soliqua 100/33 (insulin glargine and lixisenatide),Suicidal ideation,보류,pending,2023,July,July - September 2023
Spritam (levetiracetam),Drug reaction with eosinophilia and systemic symptoms,양성,trunc_unverified,2023,July,July - September 2023
Sprycel (dasatinib),Chylothorax,양성,pure_update,2023,July,July - September 2023
Steglatro (ertugliflozin),Diabetic ketoacidosis,양성,pure_update,2023,July,July - September 2023
Steglujan (ertugliflozin and sitagliptin),Diabetic ketoacidosis,양성,pure_update,2023,July,July - September 2023
Stivarga (regorafenib),Thrombotic microangiopathy,음성,mixed_reviewed,2023,July,July - September 2023
Sulfamethoxazole and Trimethoprim,Hemophagocytic lymphohistiocytosis,양성,pure_update,2023,July,July - September 2023
Sulfatrim (sulfamethoxazole and trimethoprim),Hemophagocytic lymphohistiocytosis,양성,pure_update,2023,July,July - September 2023
Syfovre (pegcetacoplan injection),Retinal vasculitis,양성,pure_update,2023,July,July - September 2023
Sympazan (clobazam),Drug reaction with eosinophilia and systemic symptoms,양성,trunc_unverified,2023,July,July - September 2023
Synjardy (empagliflozin and metformin),Diabetic ketoacidosis,양성,pure_update,2023,July,July - September 2023
Synjardy XR (empagliflozin and metformin),Diabetic ketoacidosis,양성,pure_update,2023,July,July - September 2023
"Talicia (omeprazole magnesium, amoxicillin and rifabutin delayed-release capsules)",Drug-Induced Enterocolitis Syndrome,양성,pure_update,2023,July,July - September 2023
Tascenso ODT (fingolimod),Progressive multifocal leukoencephalopathy,양성,trunc_unverified,2023,July,July - September 2023
Tecartus (brexucabtagene autoleucel),Post-treatment T-cell malignancy,양성,trunc_unverified,2023,July,July - September 2023
Topical corticosteroids,Skin reaction,보류,pending,2023,July,July - September 2023
"Trijardy XR (empagliflozin, linagliptin, and metformin hydrochloride extended-release tablets)",Diabetic ketoacidosis,양성,pure_update,2023,July,July - September 2023
Trulicity (dulaglutide),Alopecia,양성,mixed_reviewed,2023,July,July - September 2023
Trulicity (dulaglutide),Aspiration,양성,trunc_unverified,2023,July,July - September 2023
Trulicity (dulaglutide),Suicidal ideation,보류,pending,2023,July,July - September 2023
Victoza (liraglutide),Alopecia,양성,mixed_reviewed,2023,July,July - September 2023
Victoza (liraglutide),Aspiration,양성,trunc_unverified,2023,July,July - September 2023
Victoza (liraglutide),Suicidal ideation,보류,pending,2023,July,July - September 2023
Voquezna Dual Pak (vonoprazan tablets,Drug-Induced Enterocolitis Syndrome,양성,pure_update,2023,July,July - September 2023
Voquezna Triple Pak (vonoprazan tablets,Drug-Induced Enterocolitis Syndrome,양성,pure_update,2023,July,July - September 2023
Wegovy (semaglutide),Alopecia,음성,mixed_reviewed,2023,July,July - September 2023
Wegovy (semaglutide),Aspiration,양성,trunc_unverified,2023,July,July - September 2023
Wegovy (semaglutide),Suicidal ideation,보류,pending,2023,July,July - September 2023
Xigduo XR (dapagliflozin and metformin hydrochloride extended-release),Diabetic ketoacidosis,양성,pure_update,2023,July,July - September 2023
Xultophy 100/3.6 (insulin degludec and liraglutide),Alopecia,양성,mixed_reviewed,2023,July,July - September 2023
Xultophy 100/3.6 (insulin degludec and liraglutide),Aspiration,양성,trunc_unverified,2023,July,July - September 2023
Xultophy 100/3.6 (insulin degludec and liraglutide),Suicidal ideation,보류,pending,2023,July,July - September 2023
Yescarta (axicabtagene ciloleucel),Post-treatment T-cell malignancy,양성,trunc_unverified,2023,July,July - September 2023
Zepbound (tirzepatide),Aspiration,양성,trunc_unverified,2023,July,July - September 2023
Zepbound (tirzepatide),Suicidal ideation,보류,pending,2023,July,July - September 2023
Zepbound (tirzepatide)*,Alopecia,음성,mixed_reviewed,2023,July,July - September 2023
Zeposia (ozanimod),Progressive multifocal leukoencephalopathy,양성,trunc_unverified,2023,July,July - September 2023
amoxicillin capsules,Drug-Induced Enterocolitis Syndrome,양성,pure_update,2023,July,July - September 2023
amoxicillin capsules),Drug-Induced Enterocolitis Syndrome,양성,pure_update,2023,July,July - September 2023
clarithromycin tablets,Drug-Induced Enterocolitis Syndrome,양성,pure_update,2023,July,July - September 2023
clarithromycin tablets),Drug-Induced Enterocolitis Syndrome,양성,pure_update,2023,July,July - September 2023
Acetaminophen-containing products,Metabolic acidosis,보류,pending,2023,October,October - December 2023
Alecensa (alectinib),Acute pancreatitis,음성,mixed_reviewed,2023,October,October - December 2023
Aplenzin (bupropion hydrobromide),Meningitis aseptic,양성,pure_update,2023,October,October - December 2023
Aplenzin (bupropion hydrobromide),Brugada syndrome,양성,pure_update,2023,October,October - December 2023
Auvelity (dextromethorphan hydrobromide and bupropion hydrochloride),Meningitis aseptic,양성,pure_update,2023,October,October - December 2023
Auvelity (dextromethorphan hydrobromide and bupropion hydrochloride),Brugada syndrome,양성,pure_update,2023,October,October - December 2023
Beyfortus (nirsevimab-alip),Hypersensitivity,양성,pure_update,2023,October,October - December 2023
Braftovi (encorafenib),Hemophagocytic lymphohistiocytosis,음성,mixed_reviewed,2023,October,October - December 2023
Central Nervous System (CNS) stimulants,Electrocardiogram QT prolonged,음성,mixed_reviewed,2023,October,October - December 2023
Certain adenosine injection (generic product),Look alike container labels that contribute to wrong drug errors,양성,mixed_reviewed,2023,October,October - December 2023
Certain amiodarone hydrochloride injection (generic product),Look alike container labels that contribute to wrong drug errors,음성,mixed_reviewed,2023,October,October - December 2023
Contrave (naltrexone hydrochloride and bupropion hydrochloride),Meningitis aseptic,양성,pure_update,2023,October,October - December 2023
Contrave (naltrexone hydrochloride and bupropion hydrochloride),Brugada syndrome,양성,pure_update,2023,October,October - December 2023
Fensolvi (leuprolide acetate),Severe cutaneous adverse reactions,양성,pure_update,2023,October,October - December 2023
Forfivo XL (bupropion hydrochloride),Meningitis aseptic,양성,pure_update,2023,October,October - December 2023
Forfivo XL (bupropion hydrochloride),Brugada syndrome,양성,pure_update,2023,October,October - December 2023
Gilotrif (afatinib),Cardiac failure,음성,mixed_reviewed,2023,October,October - December 2023
Gonadotropin releasing hormone (GnRH) agonists,Severe cutaneous adverse reactions,양성,pure_update,2023,October,October - December 2023
Imcivree (setmelanotide),Hypersensitivity,양성,pure_update,2023,October,October - December 2023
Iressa (gefitinib),Cardiac failure,음성,mixed_reviewed,2023,October,October - December 2023
Liptruzet (ezetimibe and atorvastatin),Drug-induced liver injury,양성,pure_update,2023,October,October - December 2023
Liptruzet (ezetimibe and atorvastatin),Severe cutaneous adverse reaction,음성,pure_noaction,2023,October,October - December 2023
"Lupaneta Pack (leuprolide acetate for depot suspension, for injection",Severe cutaneous adverse reactions,양성,pure_update,2023,October,October - December 2023
Lupkynis (voclosporin),Hypersensitivity,양성,pure_update,2023,October,October - December 2023
Lupron Depot (leuprolide acetate for depot suspension),Severe cutaneous adverse reactions,양성,pure_update,2023,October,October - December 2023
Lupron Depot-Ped (leuprolide acetate for depot suspension),Severe cutaneous adverse reactions,양성,pure_update,2023,October,October - December 2023
Mayzent (siponimod),Drug-induced liver injury,음성,mixed_reviewed,2023,October,October - December 2023
Nexlizet (bempedoic acid and ezetimibe),Drug-induced liver injury,양성,pure_update,2023,October,October - December 2023
Nexlizet (bempedoic acid and ezetimibe),Severe cutaneous adverse reaction,음성,pure_noaction,2023,October,October - December 2023
Oncaspar (pegaspargase),Veno-occlusive liver disease,양성,pure_update,2023,October,October - December 2023
Ponvory (ponesimod),Drug-induced liver injury,음성,mixed_reviewed,2023,October,October - December 2023
Roszet (rosuvastatin and ezetimibe),Drug-induced liver injury,양성,pure_update,2023,October,October - December 2023
Roszet (rosuvastatin and ezetimibe),Severe cutaneous adverse reaction,음성,pure_noaction,2023,October,October - December 2023
Rybrevant (amivantamab-vmjw),Anaphylactic reaction,양성,pure_update,2023,October,October - December 2023
Rylaze (asparaginase erwinia chrysanthemi (recombinant)- rywn),Veno-occlusive liver disease,양성,pure_update,2023,October,October - December 2023
Sphingosine 1-phosphate receptor (S1PR) modulators,Drug-induced liver injury,양성,mixed_reviewed,2023,October,October - December 2023
Supprelin LA (histrelin acetate),Severe cutaneous adverse reactions,양성,pure_update,2023,October,October - December 2023
Synarel (nafarelin acetate),Severe cutaneous adverse reactions,양성,pure_update,2023,October,October - December 2023
Systemic (oral/intravenous) metronidazole-containing products,Hearing impairment,양성,pure_update,2023,October,October - December 2023
Tarceva (erlotinib),Cardiac failure,음성,mixed_reviewed,2023,October,October - December 2023
Triptodur (triptorelin),Severe cutaneous adverse reactions,양성,pure_update,2023,October,October - December 2023
Turalio (pexidartinib),Posterior reversible encephalopathy syndrome,음성,mixed_reviewed,2023,October,October - December 2023
Velsipity (etrasimod),Drug-induced liver injury,음성,mixed_reviewed,2023,October,October - December 2023
Veozah (fezolinetant),Drug-induced liver injury,양성,pure_update,2023,October,October - December 2023
Vytorin (ezetimibe and simvastatin),Drug-induced liver injury,양성,pure_update,2023,October,October - December 2023
Vytorin (ezetimibe and simvastatin),Severe cutaneous adverse reaction,음성,pure_noaction,2023,October,October - December 2023
Wellbutrin (bupropion hydrochloride),Meningitis aseptic,양성,pure_update,2023,October,October - December 2023
Wellbutrin (bupropion hydrochloride),Brugada syndrome,양성,pure_update,2023,October,October - December 2023
Wellbutrin SR (bupropion hydrochloride),Meningitis aseptic,양성,pure_update,2023,October,October - December 2023
Wellbutrin SR (bupropion hydrochloride),Brugada syndrome,양성,pure_update,2023,October,October - December 2023
Wellbutrin XL (bupropion hydrochloride extended release),Meningitis aseptic,양성,pure_update,2023,October,October - December 2023
Wellbutrin XL (bupropion hydrochloride extended release),Brugada syndrome,양성,pure_update,2023,October,October - December 2023
Xalkori (crizotinib),Acute pancreatitis,음성,mixed_reviewed,2023,October,October - December 2023
Zelboraf (vemurafenib),Hemophagocytic lymphohistiocytosis,음성,mixed_reviewed,2023,October,October - December 2023
Zeposia (ozanimod),Drug-induced liver injury,양성,mixed_reviewed,2023,October,October - December 2023
Zetia (ezetimibe),Drug-induced liver injury,양성,pure_update,2023,October,October - December 2023
Zetia (ezetimibe),Severe cutaneous adverse reaction,음성,pure_noaction,2023,October,October - December 2023
norethindrone acetate tablets),Severe cutaneous adverse reactions,양성,pure_update,2023,October,October - December 2023
Belsomra (suvorexant),Paradoxical drug reaction,보류,pending,2024,April,April - June 2024
Breyna (budesonide and formoterol fumarate) inhalation aerosol,Drug ineffective,보류,pending,2024,April,April - June 2024
Carbaglu (carglumic acid),Product physical issue that may contribute to clogged feeding tubes,보류,pending,2024,April,April - June 2024
Certain flecainide acetate (generic product),Look alike container labels that may contribute to wrong drug errors,양성,pure_update,2024,April,April - June 2024
Certain prasugrel hydrochloride (generic product),Look alike container labels that may contribute to wrong drug errors,양성,pure_update,2024,April,April - June 2024
Certain tiotropium inhalation powder (generic product),Device difficult to use,보류,pending,2024,April,April - June 2024
Copaxone (glatiramer acetate),Anaphylactic reaction,보류,pending,2024,April,April - June 2024
Dayvigo (lemborexant),Paradoxical drug reaction,보류,pending,2024,April,April - June 2024
Epinephrine injection (authorized generic for Adrenaclick),Device use confusion (mismatch between the pen device and Instructions for Use),보류,pending,2024,April,April - June 2024
Fetroja (cefiderocol),Chromaturia,보류,pending,2024,April,April - June 2024
Gemtesa (vibegron),Hypersensitivity,보류,pending,2024,April,April - June 2024
Janus kinase (JAK) inhibitors,Hypoglycemia,보류,pending,2024,April,April - June 2024
Kalydeco (ivacaftor),Increased intracranial pressure disorders,보류,pending,2024,April,April - June 2024
Mekinist (trametinib),Acute febrile neutrophilic dermatosis,보류,pending,2024,April,April - June 2024
Orkambi (lumacaftor and ivacaftor),Increased intracranial pressure disorders,보류,pending,2024,April,April - June 2024
Potassium Phosphates Injection,Look alike containers that may contribute to wrong drug errors,보류,pending,2024,April,April - June 2024
Pyzchiva (ustekinumab-ttwe),Hepatobiliary disorders,보류,pending,2024,April,April - June 2024
Quviviq (daridorexant),Paradoxical drug reaction,보류,pending,2024,April,April - June 2024
Selarsdi (ustekinumab-aekn),Hepatobiliary disorders,보류,pending,2024,April,April - June 2024
Singulair (montelukast sodium),Psychiatric disorders,보류,pending,2024,April,April - June 2024
Sodium Chloride 0.9% Injection,Look alike containers that may contribute to wrong drug errors,보류,pending,2024,April,April - June 2024
Stelara (ustekinumab),Hepatobiliary disorders,보류,pending,2024,April,April - June 2024
Symdeko (tezacaftor/ivacaftor),Increased intracranial pressure disorders,보류,pending,2024,April,April - June 2024
Tafinlar (dabrafenib),Acute febrile neutrophilic dermatosis,보류,pending,2024,April,April - June 2024
Tazverik (tazemetostat),Blood glucose abnormal,보류,pending,2024,April,April - June 2024
"Thrombin-JMI (thrombin, topical [bovine])",Inadvertent intravenous (IV) administration causing thrombosis,보류,pending,2024,April,April - June 2024
"Trikafta (elexacaftor, tezacaftor, and ivacaftor)",Increased intracranial pressure disorders,보류,pending,2024,April,April - June 2024
Wezlana (ustekinumab-auub),Hepatobiliary disorders,보류,pending,2024,April,April - June 2024
Zelboraf (vemurafenib),Acute febrile neutrophilic dermatosis,보류,pending,2024,April,April - June 2024
Acticlate (doxycycline hyclate),Psychiatric disorders,보류,pending,2024,January,January - March 2024
Acticlate Cap (doxycycline hyclate),Psychiatric disorders,보류,pending,2024,January,January - March 2024
Adlyxin (lixisenatide),Dysaesthesia,보류,pending,2024,January,January - March 2024
Ajovy (fremanezumab-vfrm),Hypertension,보류,pending,2024,January,January - March 2024
Akeega (niraparib and abiraterone acetate),Haemorrhage,보류,pending,2024,January,January - March 2024
Atridox (doxycycline hyclate),Psychiatric disorders,보류,pending,2024,January,January - March 2024
Bydureon (exenatide),Dysaesthesia,보류,pending,2024,January,January - March 2024
Bydureon BCise (exenatide),Dysaesthesia,보류,pending,2024,January,January - March 2024
Byetta (exenatide),Dysaesthesia,보류,pending,2024,January,January - March 2024
CIS-MDP (Kit for the Preparation of Technetium Tc 99m Medronate Injection),Drug interaction,보류,pending,2024,January,January - March 2024
CIS-PYRO (Kit for the Preparation of Technetium Tc 99m Pyrophosphate Injection),Drug interaction,보류,pending,2024,January,January - March 2024
Calcitonin gene-related peptide (CGRP) inhibitors,Hypertension,보류,pending,2024,January,January - March 2024
Camcevi (leuprolide mesylate),Severe cutaneous adverse reactions,보류,pending,2024,January,January - March 2024
"Certain amphetamine aspartate, amphetamine sulfate, dextroamphetamine saccharate and dextroamphetamine sulfate (generic product)",Lack of efficacy/effect,보류,pending,2024,January,January - March 2024
Certain ertapenem injection (generic product),Wrong drug errors related to look alike labeling,양성,pure_update,2024,January,January - March 2024
Certain meropenem injection (generic product),Wrong drug errors related to look alike labeling,양성,pure_update,2024,January,January - March 2024
Certain pimavanserin tartrate (generic product),Wrong drug errors related to product dosage form identification,양성,pure_update,2024,January,January - March 2024
Certain prasugrel (generic product),Wrong drug errors related to product dosage form identification,양성,pure_update,2024,January,January - March 2024
Clinolipid (lipid injectable emulsion),Anaphylactic reaction,보류,pending,2024,January,January - March 2024
Cotellic (cobimetinib),Colitis,보류,pending,2024,January,January - March 2024
DRAXIMAGE MDP-25 (Kit for the Preparation of Technetium Tc 99m Medronate Injection),Drug interaction,보류,pending,2024,January,January - March 2024
Doryx (doxycycline hyclate),Psychiatric disorders,보류,pending,2024,January,January - March 2024
Dotarem (gadoterate meglumine),Acute respiratory distress syndrome,보류,pending,2024,January,January - March 2024
Doxycycline containing products,Psychiatric disorders,보류,pending,2024,January,January - March 2024
ELEVIDYS (delandistrogene moxeparvovec-rokl),Hypersensitivity including anaphylaxis,양성,pure_update,2024,January,January - March 2024
Eligard (leuprolide acetate),Severe cutaneous adverse reactions,보류,pending,2024,January,January - March 2024
Elucirem (gadopiclenol),Acute respiratory distress syndrome,보류,pending,2024,January,January - March 2024
Emgality (galcanezumab-gnlm),Hypertension,보류,pending,2024,January,January - March 2024
Eovist (gadoxetate disodium),Acute respiratory distress syndrome,보류,pending,2024,January,January - March 2024
Gabapentinoids,Withdrawal syndrome,보류,pending,2024,January,January - March 2024
Gadavist (gadobutrol),Acute respiratory distress syndrome,보류,pending,2024,January,January - March 2024
Gadolinium-based contrast agents,Acute respiratory distress syndrome,보류,pending,2024,January,January - March 2024
Gilenya (fingolimod),Macular oedema,양성,pure_update,2024,January,January - March 2024
Gilenya (fingolimod),Skin cancer,양성,pure_update,2024,January,January - March 2024
Glucagon-like peptide-1 (GLP-1) receptor agonists,Dysaesthesia,보류,pending,2024,January,January - March 2024
Gocovri (amantadine),Corneal oedema,보류,pending,2024,January,January - March 2024
Gonadotropin-releasing hormone (GnRH) agonists,Severe cutaneous adverse reactions,보류,pending,2024,January,January - March 2024
Gralise (gabapentin),Withdrawal syndrome,보류,pending,2024,January,January - March 2024
Horizant (gabapentin enacarbil),Withdrawal syndrome,보류,pending,2024,January,January - March 2024
Human growth hormone products,Osteonecrosis,보류,pending,2024,January,January - March 2024
Humatrope (somatropin),Osteonecrosis,보류,pending,2024,January,January - March 2024
Humatrope (somatropin),Wrong dose errors related to pen and cartridge mismatch,보류,pending,2024,January,January - March 2024
Intralipid 10% (lipid injectable emulsion),Anaphylactic reaction,보류,pending,2024,January,January - March 2024
Intralipid 20% (lipid injectable emulsion),Anaphylactic reaction,보류,pending,2024,January,January - March 2024
Intralipid 30% (lipid injectable emulsion),Anaphylactic reaction,보류,pending,2024,January,January - March 2024
Intravenous lipid emulsions (IVLEs),Anaphylactic reaction,보류,pending,2024,January,January - March 2024
"Kabiven (amino acids, electrolytes, dextrose, and lipid injectable emulsion)",Anaphylactic reaction,보류,pending,2024,January,January - March 2024
Kalydeco (ivacaftor),Psychiatric disorders,보류,pending,2024,January,January - March 2024
Krazati (adagrasib),Toxic epidermal necrolysis,보류,pending,2024,January,January - March 2024
Lemtrada (alemtuzumab),Colitis,양성,pure_update,2024,January,January - March 2024
Leqvio (inclisiran),Hypersensitivity,양성,pure_update,2024,January,January - March 2024
Lupron (leuprolide acetate),Severe cutaneous adverse reactions,보류,pending,2024,January,January - March 2024
Lutrate Depot (leuprolide acetate),Severe cutaneous adverse reactions,보류,pending,2024,January,January - March 2024
Lybalvi (olanzapine and samidorphan),Drug-drug interaction,보류,pending,2024,January,January - March 2024
Lymepak (doxycycline hyclate),Psychiatric disorders,보류,pending,2024,January,January - March 2024
Lyrica (pregabalin),Withdrawal syndrome,보류,pending,2024,January,January - March 2024
Lyrica CR (pregabalin),Withdrawal syndrome,보류,pending,2024,January,January - March 2024
MDP Multidose Kit and Multidose Utilipak (Kit for the Preparation of Technetium Tc99m Medronate Injection),Drug interaction,보류,pending,2024,January,January - March 2024
MDP-Bracco (Kit for the Preparation of Technetium Tc 99m Medronate),Drug interaction,보류,pending,2024,January,January - March 2024
Mavenclad (cladribine),Drug-induced liver injury,보류,pending,2024,January,January - March 2024
Mayzent (siponimod),Macular oedema,양성,pure_update,2024,January,January - March 2024
Mayzent (siponimod),Skin cancer,양성,pure_update,2024,January,January - March 2024
Monodox (doxycycline),Psychiatric disorders,보류,pending,2024,January,January - March 2024
Mounjaro (tirzepatide),Dysaesthesia,보류,pending,2024,January,January - March 2024
Multihance (gadobenate dimeglumine),Acute respiratory distress syndrome,보류,pending,2024,January,January - March 2024
Multihance Multipack (gadobenate dimeglumine),Acute respiratory distress syndrome,보류,pending,2024,January,January - March 2024
Neurontin (gabapentin),Withdrawal syndrome,보류,pending,2024,January,January - March 2024
Ngenla (somatrogon-ghla),Osteonecrosis,보류,pending,2024,January,January - March 2024
Norepinephrine reuptake inhibitors (NRIs),Withdrawal syndrome,보류,pending,2024,January,January - March 2024
Nurtec ODT (rimegepant),Hypertension,보류,pending,2024,January,January - March 2024
Nutrilipid 20% (lipid injectable emulsion),Anaphylactic reaction,보류,pending,2024,January,January - March 2024
Nutropin AQ (somatropin),Osteonecrosis,보류,pending,2024,January,January - March 2024
Omegaven (fish oil triglycerides) injectable emulsion,Anaphylactic reaction,보류,pending,2024,January,January - March 2024
Omniscan (gadodiamide),Acute respiratory distress syndrome,보류,pending,2024,January,January - March 2024
Omniscan (gadodiamide) Pharmacy Bulk Package,Acute respiratory distress syndrome,보류,pending,2024,January,January - March 2024
Omnitrope (somatropin),Osteonecrosis,보류,pending,2024,January,January - March 2024
Oracea (doxycycline),Psychiatric disorders,보류,pending,2024,January,January - March 2024
Orkambi (lumacaftor and ivacaftor),Psychiatric disorders,보류,pending,2024,January,January - March 2024
Osmolex ER (amantadine),Corneal oedema,보류,pending,2024,January,January - March 2024
Osteolite (Technetium Tc 99m Medronate),Drug interaction,보류,pending,2024,January,January - March 2024
Ozempic (semaglutide),Dysaesthesia,보류,pending,2024,January,January - March 2024
"Perikabiven (amino acids, electrolytes, dextrose, and lipid injectable emulsion)",Anaphylactic reaction,보류,pending,2024,January,January - March 2024
Periostat (doxycycline hyclate),Psychiatric disorders,보류,pending,2024,January,January - March 2024
Phosphotec (Kit for the Preparation of Technetium Tc 99m Pyrophosphate),Drug interaction,보류,pending,2024,January,January - March 2024
Ponvory (ponesimod),Macular oedema,양성,pure_update,2024,January,January - March 2024
Ponvory (ponesimod),Skin cancer,양성,pure_update,2024,January,January - March 2024
Prohance (gadoteridol injection),Acute respiratory distress syndrome,보류,pending,2024,January,January - March 2024
Prohance Multipack (gadoteridol injection),Acute respiratory distress syndrome,보류,pending,2024,January,January - March 2024
Qelbree (viloxazine),Withdrawal syndrome,보류,pending,2024,January,January - March 2024
Qulipta (atogepant),Hypertension,보류,pending,2024,January,January - March 2024
Rybelsus (semaglutide),Dysaesthesia,보류,pending,2024,January,January - March 2024
SMOFlipid (lipid injectable emulsion),Anaphylactic reaction,보류,pending,2024,January,January - March 2024
Saizen (somatropin),Osteonecrosis,보류,pending,2024,January,January - March 2024
Saxenda (liraglutide),Dysaesthesia,보류,pending,2024,January,January - March 2024
Skytrofa (lonapegsomatropin-tcgd),Osteonecrosis,보류,pending,2024,January,January - March 2024
Sogroya (somapacitan-beco),Osteonecrosis,보류,pending,2024,January,January - March 2024
Soliqua (insulin glargine and lixisenatide),Dysaesthesia,보류,pending,2024,January,January - March 2024
Sphingosine 1-phosphate (S1P) receptor modulators,Macular oedema,양성,pure_update,2024,January,January - March 2024
Sphingosine 1-phosphate (S1P) receptor modulators,Skin cancer,양성,pure_update,2024,January,January - March 2024
Strattera (atomoxetine hydrochloride),Withdrawal syndrome,보류,pending,2024,January,January - March 2024
Symdeko (tezacaftor and ivacaftor),Psychiatric disorders,보류,pending,2024,January,January - March 2024
Tascenso ODT (fingolimod),Macular oedema,양성,pure_update,2024,January,January - March 2024
Tascenso ODT (fingolimod),Skin cancer,양성,pure_update,2024,January,January - March 2024
Technescan HDP (Kit for the Preparation of Technetium Tc 99m Oxidronate),Drug interaction,보류,pending,2024,January,January - March 2024
Technescan PYP (Kit for the Preparation of Technetium Tc 99m Pyrophosphate Injection),Drug interaction,보류,pending,2024,January,January - March 2024
Technetium diphosphonates,Drug interaction,보류,pending,2024,January,January - March 2024
Tecvayli (teclistamab-cqyv),Tumour lysis syndrome,보류,pending,2024,January,January - March 2024
Tetracyclines,Fixed drug eruption,보류,pending,2024,January,January - March 2024
Transderm Scop (scopolamine transdermal system),Hyperthermia,보류,pending,2024,January,January - March 2024
Trelstar (triptorelin pamoate),Severe cutaneous adverse reactions,보류,pending,2024,January,January - March 2024
"Trikafta (elexacaftor, tezacaftor, and ivacaftor)",Psychiatric disorders,보류,pending,2024,January,January - March 2024
Trulicity (dulaglutide),Dysaesthesia,보류,pending,2024,January,January - March 2024
Ubrelvy (ubrogepant),Hypertension,보류,pending,2024,January,January - March 2024
Vibra-tabs (doxycycline hyclate),Psychiatric disorders,보류,pending,2024,January,January - March 2024
Vibramycin (doxycycline calcium),Psychiatric disorders,보류,pending,2024,January,January - March 2024
Vibramycin (doxycycline hyclate),Psychiatric disorders,보류,pending,2024,January,January - March 2024
Victoza (liraglutide),Dysaesthesia,보류,pending,2024,January,January - March 2024
Vyepti (eptinezumab-jjmr),Hypertension,보류,pending,2024,January,January - March 2024
Wegovy (semaglutide),Dysaesthesia,보류,pending,2024,January,January - March 2024
Xultophy (insulin degludec and liraglutide),Dysaesthesia,보류,pending,2024,January,January - March 2024
Zejula (niraparib),Haemorrhage,보류,pending,2024,January,January - March 2024
Zelboraf (vemurafenib),Colitis,보류,pending,2024,January,January - March 2024
Zepbound (tirzepatide),Dysaesthesia,보류,pending,2024,January,January - March 2024
Zeposia (ozanimod),Macular oedema,양성,pure_update,2024,January,January - March 2024
Zeposia (ozanimod),Skin cancer,양성,pure_update,2024,January,January - March 2024
Zoladex (goserelin implant),Severe cutaneous adverse reactions,보류,pending,2024,January,January - March 2024
Zomacton (somatropin),Osteonecrosis,보류,pending,2024,January,January - March 2024
(ivacaftor) tablets,Drug-induced liver injury,음성,mixed_reviewed,2024,July,July - September 2024
Alecensa (alectinib) capsules,Severe cutaneous adverse reaction,보류,pending,2024,July,July - September 2024
Alunbrig (brigatinib) tablets,Severe cutaneous adverse reaction,보류,pending,2024,July,July - September 2024
Cardene IV (nicardipine hydrochloride) in sodium chloride injection,Look alike container labels or carton labeling that may contribute to wrong drug errors,양성,pure_update,2024,July,July - September 2024
Certain vasopressin in sodium chloride injection,Look alike container labels or carton labeling that may contribute to wrong drug errors,양성,pure_update,2024,July,July - September 2024
Cubicin (daptomycin for injection),Hyperkalemia,양성,pure_update,2024,July,July - September 2024
Cubicin RF (daptomycin for injection),Hyperkalemia,양성,pure_update,2024,July,July - September 2024
Dapzura RT (daptomycin for injection),Hyperkalemia,양성,pure_update,2024,July,July - September 2024
Entyvio (vedolizumab) injection,Infections and infestations,보류,pending,2024,July,July - September 2024
Generic products available in oral dosage form containing dapsone,Glycosylated hemoglobin decreased,양성,pure_update,2024,July,July - September 2024
Kalydeco (ivacaftor) oral granules,Drug-induced liver injury,음성,mixed_reviewed,2024,July,July - September 2024
Kalydeco (ivacaftor) tablets,Drug-induced liver injury,음성,mixed_reviewed,2024,July,July - September 2024
Lenvima (lenvatinib) capsules,Tumor lysis syndrome,음성,mixed_reviewed,2024,July,July - September 2024
Myxredlin (human insulin) in sodium chloride injection,Look alike container labels or carton labeling that may contribute to wrong drug errors,양성,pure_update,2024,July,July - September 2024
Nexavar (sorafenib) tablets,Tumor lysis syndrome,음성,mixed_reviewed,2024,July,July - September 2024
Nexterone (amiodarone hydrochloride) Premixed Injection,Look alike container labels or carton labeling that may contribute to wrong drug errors,양성,pure_update,2024,July,July - September 2024
Orkambi (lumacaftor and ivacaftor) oral granules,Drug-induced liver injury,음성,mixed_reviewed,2024,July,July - September 2024
Orkambi (lumacaftor and ivacaftor) tablets,Drug-induced liver injury,음성,mixed_reviewed,2024,July,July - September 2024
Syfovre (pegcetacoplan injection),Hypersensitivity,양성,pure_update,2024,July,July - September 2024
Symdeko (tezacaftor/ivacaftor) tablets,Drug-induced liver injury,음성,mixed_reviewed,2024,July,July - September 2024
"Trikafta (elexacaftor, tezacaftor, and ivacaftor oral granules",Drug-induced liver injury,양성,mixed_reviewed,2024,July,July - September 2024
"Trikafta (elexacaftor, tezacaftor, and ivacaftor tablets",Drug-induced liver injury,양성,mixed_reviewed,2024,July,July - September 2024
Xalkori (crizotinib) capsules,Severe cutaneous adverse reaction,보류,pending,2024,July,July - September 2024
Xalkori (crizotinib) oral pellets,Severe cutaneous adverse reaction,보류,pending,2024,July,July - September 2024
Zolgensma (onasemnogene abeparvovec-xioi) suspension,Hypersensitivity including anaphylaxis,양성,pure_update,2024,July,July - September 2024
Zosyn (piperacillin sodium and tazobactam sodium) injection,Look alike container labels or carton labeling that may contribute to wrong drug errors,양성,pure_update,2024,July,July - September 2024
"ivacaftor oral granules), co-packaged",Drug-induced liver injury,양성,mixed_reviewed,2024,July,July - September 2024
"ivacaftor tablets), co-packaged",Drug-induced liver injury,양성,mixed_reviewed,2024,July,July - September 2024
&nbsp,&nbsp,보류,other_pending,2024,October,October - December 2024
"(Immune Globulin Subcutaneous, Human - klhw, 20%)",Increased hypersensitivity reactions in patients receiving certain product lots,양성,pure_update,2024,October,October - December 2024
*Gozetotide is also known as PSMA-11,Injection site pain,보류,pending,2024,October,October - December 2024
Adlyxin (lixisenatide) injection,Non-arteritic anterior ischemic optic neuropathy (NAION),보류,pending,2024,October,October - December 2024
Aimovig (erenumab-aooe) injection,Constipation,보류,pending,2024,October,October - December 2024
Ajovy (fremanezumab-vfrm) injection,Constipation,보류,pending,2024,October,October - December 2024
Alecensa (alectinib) capsules,Optic neuropathy,보류,pending,2024,October,October - December 2024
Alunbrig (brigatinib) tablets,Optic neuropathy,보류,pending,2024,October,October - December 2024
Antidepressants,Discontinuation-emergent cataplexy,보류,pending,2024,October,October - December 2024
Atomoxetine-containing products,Discontinuation-emergent cataplexy,보류,pending,2024,October,October - December 2024
Balversa (erdafitinib) tablets,Cataract,보류,pending,2024,October,October - December 2024
Balversa (erdafitinib) tablets,Epiphyseal disorders,보류,pending,2024,October,October - December 2024
Bivigam,Increased hypersensitivity reactions in patients receiving certain product lots,양성,pure_update,2024,October,October - December 2024
Blincyto (blinatumomab) for injection,Hemophagocytic lymphohistiocytosis,보류,pending,2024,October,October - December 2024
Bonsity (teriparatide injection),Drug hypersensitivity,보류,pending,2024,October,October - December 2024
Briviact (brivaracetam) injection,Stevens-Johnson syndrome (SJS),보류,pending,2024,October,October - December 2024
Bupropion-containing products,Discontinuation-emergent cataplexy,보류,pending,2024,October,October - December 2024
Bydureon (exenatide) for extended-release injectable suspension,Non-arteritic anterior ischemic optic neuropathy (NAION),보류,pending,2024,October,October - December 2024
Bydureon BCise (exenatide extended-release) injectable suspension,Non-arteritic anterior ischemic optic neuropathy (NAION),보류,pending,2024,October,October - December 2024
Byetta (exenatide) injection,Non-arteritic anterior ischemic optic neuropathy (NAION),보류,pending,2024,October,October - December 2024
Cabometyx (cabozantinib) tablets,Cardiac failure,보류,pending,2024,October,October - December 2024
Celexa (citalopram) tablets,Cutaneous vasculitis,보류,pending,2024,October,October - December 2024
Cellcept (mycophenolate mofetil) capsules,Anaphylactic reaction,보류,pending,2024,October,October - December 2024
Cellcept Intravenous (mycophenolate mofetil) for injection,Anaphylactic reaction,보류,pending,2024,October,October - December 2024
Cellcept Oral Suspension (mycophenolate mofetil),Anaphylactic reaction,보류,pending,2024,October,October - December 2024
Cetirizine HCl capsules,"Drug withdrawal syndrome, specifically rebound pruritus",보류,pending,2024,October,October - December 2024
Cetirizine and levocetirizine products,"Drug withdrawal syndrome, specifically rebound pruritus",보류,pending,2024,October,October - December 2024
Children’s Zyrtec (cetirizine hydrochloride) chewable tablets,"Drug withdrawal syndrome, specifically rebound pruritus",보류,pending,2024,October,October - December 2024
Children’s Zyrtec Allergy (cetirizine hydrochloride) orally disintegrating tablet,"Drug withdrawal syndrome, specifically rebound pruritus",보류,pending,2024,October,October - December 2024
Children’s Zyrtec Hives (cetirizine hydrochloride) oral solution,"Drug withdrawal syndrome, specifically rebound pruritus",보류,pending,2024,October,October - December 2024
Citalopram capsules,Cutaneous vasculitis,보류,pending,2024,October,October - December 2024
Columvi (glofitamab-gxbm) injection,Hemophagocytic lymphohistiocytosis,보류,pending,2024,October,October - December 2024
"Coly-Mycin M Parenteral (colistimethate for injection, USP)",Pseudo-Bartter syndrome,보류,pending,2024,October,October - December 2024
Cometriq (cabozantinib) capsules,Cardiac failure,보류,pending,2024,October,October - December 2024
Cyklokapron (tranexamic acid) injection,Wrong route of administration error (inadvertent intrathecal administration instead of recommended intravenous administration),양성,pure_update,2024,October,October - December 2024
Danziten (nilotinib) tablets,Drug interaction,보류,pending,2024,October,October - December 2024
Dupixent (dupilumab) injection,Cutaneous T-cell lymphoma,보류,pending,2024,October,October - December 2024
Eligard (leuprolide acetate) for injectable suspension,Suicidal and self-injurious behaviors,보류,pending,2024,October,October - December 2024
Elrexfio (elranatamab-bcmm) injection,Hemophagocytic lymphohistiocytosis,보류,pending,2024,October,October - December 2024
Emgality (galcanezumab-gnlm) injection,Constipation,보류,pending,2024,October,October - December 2024
Epkinly (epcoritamab-bysp) injection,Hemophagocytic lymphohistiocytosis,보류,pending,2024,October,October - December 2024
FDA-approved combination products containing one or more antidepressant(s),Discontinuation-emergent cataplexy,보류,pending,2024,October,October - December 2024
Forteo (teriparatide injection),Drug hypersensitivity,보류,pending,2024,October,October - December 2024
Gallium GA 68 Gozetotide* Injection,Injection site pain,보류,pending,2024,October,October - December 2024
Gleevec (imatinib mesylate) tablets,Drug interaction,보류,pending,2024,October,October - December 2024
Glucagon-like peptide-1 (GLP-1) receptor agonists,Non-arteritic anterior ischemic optic neuropathy (NAION),보류,pending,2024,October,October - December 2024
Gonadotropin releasing hormone (GnRH) agonists,Suicidal and self-injurious behaviors,보류,pending,2024,October,October - December 2024
Iclusig (ponatinib) tablets,Drug interaction,보류,pending,2024,October,October - December 2024
Illuccix (kit for the preparation of gallium Ga 68 gozetotide injection),Injection site pain,보류,pending,2024,October,October - December 2024
Imdelltra (tarlatamab-dlle) for injection,Hemophagocytic lymphohistiocytosis,보류,pending,2024,October,October - December 2024
Imkeldi (imatinib) oral solution,Drug interaction,보류,pending,2024,October,October - December 2024
Immune Globulin Intravenous (Human),Increased hypersensitivity reactions in patients receiving certain product lots,양성,pure_update,2024,October,October - December 2024
Immune Globulin Intravenous (Human)-ifas,Increased hypersensitivity reactions in patients receiving certain product lot,양성,pure_update,2024,October,October - December 2024
Inrebic (fedratinib) capsules,Drug withdrawal syndrome,보류,pending,2024,October,October - December 2024
Jylamvo (methotrexate) oral solution,Inappropriate schedule of product administration,보류,pending,2024,October,October - December 2024
Kerendia (finerenone) tablets,Hypersensitivity,보류,pending,2024,October,October - December 2024
Kimmtrak (tebentafusp-tebn) injection,Hemophagocytic lymphohistiocytosis,보류,pending,2024,October,October - December 2024
Lexapro (escitalopram) oral solution,Cutaneous vasculitis,보류,pending,2024,October,October - December 2024
Locametz (kit for the preparation of gallium Ga 68 gozetotide injection),Injection site pain,보류,pending,2024,October,October - December 2024
Lorbrena (lorlatinib) tablets,Optic neuropathy,보류,pending,2024,October,October - December 2024
Lupron (leuprolide acetate) injection,Suicidal and self-injurious behaviors,보류,pending,2024,October,October - December 2024
Methotrexate injection,Drug interaction,보류,pending,2024,October,October - December 2024
Methotrexate tablets,Inappropriate schedule of product administration,보류,pending,2024,October,October - December 2024
Mirtazapine-containing products,Discontinuation-emergent cataplexy,보류,pending,2024,October,October - December 2024
Monoamine oxidase inhibitors (MAOIs),Discontinuation-emergent cataplexy,보류,pending,2024,October,October - December 2024
Mounjaro (tirzepatide) injection,Non-arteritic anterior ischemic optic neuropathy (NAION),보류,pending,2024,October,October - December 2024
Myfortic (mycophenolic acid) delayed-release tablets,Anaphylactic reaction,보류,pending,2024,October,October - December 2024
Myhibbin (mycophenolate mofetil oral suspension),Anaphylactic reaction,보류,pending,2024,October,October - December 2024
Nefazodone-containing products,Discontinuation-emergent cataplexy,보류,pending,2024,October,October - December 2024
Nexplanon (etonogestrel implant),Site specific procedural complications,보류,pending,2024,October,October - December 2024
Nurtec ODT (rimegepant) orally disintegrating tablets,Constipation,보류,pending,2024,October,October - December 2024
Ojjaara (momelotinib) tablets,Drug withdrawal syndrome,보류,pending,2024,October,October - December 2024
Ozempic (semaglutide) injection,Non-arteritic anterior ischemic optic neuropathy (NAION),보류,pending,2024,October,October - December 2024
Palynziq (pegvaliase-pqpz) injection,Injection site infection,보류,pending,2024,October,October - December 2024
Panzyga,Increased hypersensitivity reactions in patients receiving certain product lot,양성,pure_update,2024,October,October - December 2024
Parathyroid hormone,Drug hypersensitivity,보류,pending,2024,October,October - December 2024
Phyrago (dasatinib) tablets,Drug interaction,보류,pending,2024,October,October - December 2024
Proton pump inhibitors (PPIs),Hearing loss,보류,pending,2024,October,October - December 2024
Qelbree (viloxazine extended-release capsules),Discontinuation-emergent cataplexy,보류,pending,2024,October,October - December 2024
Qulipta (atogepant) tablets,Constipation,보류,pending,2024,October,October - December 2024
Rybelsus (semaglutide) tablets,Non-arteritic anterior ischemic optic neuropathy (NAION),보류,pending,2024,October,October - December 2024
Saxenda (liraglutide) injection,Non-arteritic anterior ischemic optic neuropathy (NAION),보류,pending,2024,October,October - December 2024
Selective serotonin reuptake inhibitors (SSRIs),Discontinuation-emergent cataplexy,보류,pending,2024,October,October - December 2024
"Serotonin-norepinephrine reuptake inhibitors (SNRIs), including selective norepinephrine reuptake inhibitors",Discontinuation-emergent cataplexy,보류,pending,2024,October,October - December 2024
Sivextro (tedizolid phosphate) for injection,Serotonin syndrome,보류,pending,2024,October,October - December 2024
Soliqua 100/33 (insulin glargine and lixisenatide) injection,Non-arteritic anterior ischemic optic neuropathy (NAION),보류,pending,2024,October,October - December 2024
Sprycel (dasatinib) tablets,Drug interaction,보류,pending,2024,October,October - December 2024
Symproic (naldemedine) tablets,Gastrointestinal perforation,보류,pending,2024,October,October - December 2024
Talvey (talquetamab-tgvs) injection,Hemophagocytic lymphohistiocytosis,보류,pending,2024,October,October - December 2024
Tasigna (nilotinib) capsules,Drug interaction,보류,pending,2024,October,October - December 2024
Tecvayli (teclistamab-cqyv) injection,Hemophagocytic lymphohistiocytosis,보류,pending,2024,October,October - December 2024
Teriparatide injection,Drug hypersensitivity,보류,pending,2024,October,October - December 2024
Trazodone-containing products,Discontinuation-emergent cataplexy,보류,pending,2024,October,October - December 2024
Trelstar (triptorelin pamoate for injectable suspension),Suicidal and self-injurious behaviors,보류,pending,2024,October,October - December 2024
Tricyclic antidepressants (TCAs),Discontinuation-emergent cataplexy,보류,pending,2024,October,October - December 2024
Trintellix (vortioxetine) tablets,Discontinuation-emergent cataplexy,보류,pending,2024,October,October - December 2024
Trulicity (dulaglutide) injection,Non-arteritic anterior ischemic optic neuropathy (NAION),보류,pending,2024,October,October - December 2024
Tymlos (abaloparatide) injection,Drug hypersensitivity,보류,pending,2024,October,October - December 2024
Ubrelvy (ubrogepant) tablets,Constipation,보류,pending,2024,October,October - December 2024
Valtrex (valacyclovir hydrochloride) tablets,Severe cutaneous adverse reactions,보류,pending,2024,October,October - December 2024
Vantas (histrelin acetate implant),Suicidal and self-injurious behaviors,보류,pending,2024,October,October - December 2024
Veozah (fezolinetant) tablets,Drug-induced liver injury,양성,trunc_unverified,2024,October,October - December 2024
Victoza (liraglutide) injection,Non-arteritic anterior ischemic optic neuropathy (NAION),보류,pending,2024,October,October - December 2024
Vilazodone-containing products,Discontinuation-emergent cataplexy,보류,pending,2024,October,October - December 2024
Vonjo (pacritinib) capsule,Acute kidney injury,보류,pending,2024,October,October - December 2024
Vonjo (pacritinib) capsules,Drug withdrawal syndrome,보류,pending,2024,October,October - December 2024
Vyepti (eptinezumab-jjmr) injection,Constipation,보류,pending,2024,October,October - December 2024
Wegovy (semaglutide) injection,Non-arteritic anterior ischemic optic neuropathy (NAION),보류,pending,2024,October,October - December 2024
Xatmep (methotrexate) oral solution,Inappropriate schedule of product administration,보류,pending,2024,October,October - December 2024
Xembify,Increased hypersensitivity reactions in patients receiving certain product lots,양성,pure_update,2024,October,October - December 2024
Xultophy 100/3.6 (insulin degludec and liraglutide) injection,Non-arteritic anterior ischemic optic neuropathy (NAION),보류,pending,2024,October,October - December 2024
Xyzal (levocetirizine dihydrochloride) tablets,"Drug withdrawal syndrome, specifically rebound pruritus",보류,pending,2024,October,October - December 2024
Xyzal Allergy 24HR (levocetirizine dihydrochloride) tablets,"Drug withdrawal syndrome, specifically rebound pruritus",보류,pending,2024,October,October - December 2024
Yorvipath (palopegteriparatide) injection,Drug hypersensitivity,보류,pending,2024,October,October - December 2024
Zavzpret (zavegepant) nasal spray,Constipation,보류,pending,2024,October,October - December 2024
Zepbound (tirzepatide) injection,Non-arteritic anterior ischemic optic neuropathy (NAION),보류,pending,2024,October,October - December 2024
Zoladex (goserelin implant),Suicidal and self-injurious behaviors,보류,pending,2024,October,October - December 2024
Zovirax (acyclovir) capsules,Severe cutaneous adverse reactions,보류,pending,2024,October,October - December 2024
Zykadia (ceritinib) capsules,Optic neuropathy,보류,pending,2024,October,October - December 2024
Zyrtec Allergy (cetirizine hydrochloride) orally disintegrating tablet,"Drug withdrawal syndrome, specifically rebound pruritus",보류,pending,2024,October,October - December 2024
Zyrtec Hives (cetirizine hydrochloride) tablets,"Drug withdrawal syndrome, specifically rebound pruritus",보류,pending,2024,October,October - December 2024
Zyrtec-D (cetirizine HCl 5mg/ pseudoephedrine HCl 120mg),"Drug withdrawal syndrome, specifically rebound pruritus",보류,pending,2024,October,October - December 2024
oral solution,"Drug withdrawal syndrome, specifically rebound pruritus",보류,pending,2024,October,October - December 2024
"oral solution, tablets",Stevens-Johnson syndrome (SJS),보류,pending,2024,October,October - December 2024
suspension,Severe cutaneous adverse reactions,보류,pending,2024,October,October - December 2024
tablet,Serotonin syndrome,보류,pending,2024,October,October - December 2024
tablets,Optic neuropathy,보류,pending,2024,October,October - December 2024
tablets,Cutaneous vasculitis,보류,pending,2024,October,October - December 2024
tablets,Anaphylactic reaction,보류,pending,2024,October,October - December 2024
tablets,Severe cutaneous adverse reactions,보류,pending,2024,October,October - December 2024
Acetaminophen-containing products,Anaphylactic reaction,보류,pending,2025,April,April - June 2025
Adlyxin (lixisenatide) injection,Intestinal obstruction and fecal impaction,보류,pending,2025,April,April - June 2025
Aptryxol (desvenlafaxine),False positive radioisotope investigation test result potentially secondary to a drug interaction with venlafaxine,보류,pending,2025,April,April - June 2025
Avmapki Fakzynja Co-pack (avutometinib capsules,Gingival hypertrophy,보류,pending,2025,April,April - June 2025
BRAF kinase inhibitors,Gingival hypertrophy,보류,pending,2025,April,April - June 2025
Barium sulfate-containing products,Anaphylactic reaction,보류,pending,2025,April,April - June 2025
Blincyto (blinatumomab) for injection,Progressive multifocal leukoencephalopathy,보류,pending,2025,April,April - June 2025
Braftovi (encorafenib) capsules,Gingival hypertrophy,보류,pending,2025,April,April - June 2025
Briumvi (ublituximab-xiiy) injection,Drug-induced liver injury,양성,trunc_unverified,2025,April,April - June 2025
Briumvi (ublituximab-xiiy) injection,Central nervous system infection,보류,pending,2025,April,April - June 2025
Bydureon (exenatide) for extended-release injectable suspension,Intestinal obstruction and fecal impaction,보류,pending,2025,April,April - June 2025
Bydureon BCise (exenatide extended-release) injectable suspension,Intestinal obstruction and fecal impaction,보류,pending,2025,April,April - June 2025
Byetta (exenatide) injection,Intestinal obstruction and fecal impaction,보류,pending,2025,April,April - June 2025
Columvi (glofitamab-gxbm) injection,Progressive multifocal leukoencephalopathy,보류,pending,2025,April,April - June 2025
Cotellic (cobimetinib) tablets,Gingival hypertrophy,보류,pending,2025,April,April - June 2025
Crexont (carbidopa and levodopa) extended-release capsules,Seizure,보류,pending,2025,April,April - June 2025
Crysvita (burosumab-twza) injection,Hypercalcemia,양성,pure_update,2025,April,April - June 2025
DaTscan (ioflupane I 123 injection),False positive radioisotope investigation test result potentially secondary to a drug interaction with venlafaxine,보류,pending,2025,April,April - June 2025
Desvenlafaxine extended-release tablets,False positive radioisotope investigation test result potentially secondary to a drug interaction with venlafaxine,보류,pending,2025,April,April - June 2025
Dexmedetomidine injection,Diabetes insipidus,보류,pending,2025,April,April - June 2025
Dexmedetomidine-containing products,Diabetes insipidus,보류,pending,2025,April,April - June 2025
Dhivy (carbidopa and levodopa) tablets,Seizure,보류,pending,2025,April,April - June 2025
Duopa (carbidopa and levodopa) enteral suspension,Seizure,보류,pending,2025,April,April - June 2025
Dupixent (dupilumab) injection,"Ocular infections, irritations, and inflammation",보류,pending,2025,April,April - June 2025
E-Z-Disk (barium sulfate) tablets,Anaphylactic reaction,보류,pending,2025,April,April - June 2025
Effexor XR (venlafaxine extended-release) capsules,False positive radioisotope investigation test result potentially secondary to a drug interaction with venlafaxine,보류,pending,2025,April,April - June 2025
Elrexfio (elranatamab-bcmm) injection,Progressive multifocal leukoencephalopathy,보류,pending,2025,April,April - June 2025
Entero Vu 24% (barium sulfate) oral suspension,Anaphylactic reaction,보류,pending,2025,April,April - June 2025
Epkinly (epcoritamab-bysp) injection,Progressive multifocal leukoencephalopathy,보류,pending,2025,April,April - June 2025
Eprontia (topiramate) oral solution,Hypersensitivity,보류,pending,2025,April,April - June 2025
Gavreto (pralsetinib) capsules,Chylothorax,보류,pending,2025,April,April - June 2025
Glucagon-like peptide-1 (GLP-1) receptor agonists,Intestinal obstruction and fecal impaction,보류,pending,2025,April,April - June 2025
Igalmi (dexmedetomidine) sublingual film,Diabetes insipidus,보류,pending,2025,April,April - June 2025
Imbruvica (ibrutinib) capsules,Nail and nail bed conditions (excluding infections and infestations),보류,pending,2025,April,April - June 2025
Imdelltra (tarlatamab-dlle) for injection,Progressive multifocal leukoencephalopathy,보류,pending,2025,April,April - June 2025
Kesimpta (ofatumumab) injection,Drug-induced liver injury,양성,trunc_unverified,2025,April,April - June 2025
Kesimpta (ofatumumab) injection,Central nervous system infection,보류,pending,2025,April,April - June 2025
Kimmtrak (tebentafusp-tebn) injection,Progressive multifocal leukoencephalopathy,보류,pending,2025,April,April - June 2025
Koselugo (selumetinib) capsules,Gingival hypertrophy,보류,pending,2025,April,April - June 2025
Liquid E-Z-Paque (barium sulfate) oral suspension,Anaphylactic reaction,보류,pending,2025,April,April - June 2025
Lunsumio (mosunetuzumab-axgb) injection,Progressive multifocal leukoencephalopathy,보류,pending,2025,April,April - June 2025
MEK inhibitors,Gingival hypertrophy,보류,pending,2025,April,April - June 2025
Mekinist (trametinib) tablets,Gingival hypertrophy,보류,pending,2025,April,April - June 2025
Mektovi (binimetinib) tablets,Gingival hypertrophy,보류,pending,2025,April,April - June 2025
Mounjaro (tirzepatide) injection,Intestinal obstruction and fecal impaction,보류,pending,2025,April,April - June 2025
Neffy (epinephrine nasal spray),Product storage error,양성,pure_update,2025,April,April - June 2025
Nurtec ODT (rimegepant) orally disintegrating tablets,Anaphylactic reaction,양성,pure_update,2025,April,April - June 2025
Ocrevus (ocrelizumab) injection,Central nervous system infection,보류,pending,2025,April,April - June 2025
Ocrevus Zunovo (ocrelizumab and hyaluronidase-ocsq) injection,Central nervous system infection,보류,pending,2025,April,April - June 2025
Ojemda (tovorafenib) for oral suspension,Gingival hypertrophy,보류,pending,2025,April,April - June 2025
Ozempic (semaglutide) injection,Intestinal obstruction and fecal impaction,보류,pending,2025,April,April - June 2025
Precedex (dexmedetomidine hydrochloride) injection,Diabetes insipidus,보류,pending,2025,April,April - June 2025
Pristiq (desvenlafaxine) extended-release tablets,False positive radioisotope investigation test result potentially secondary to a drug interaction with venlafaxine,보류,pending,2025,April,April - June 2025
Qsymia (phentermine and topiramate) extended-release capsules,Hypersensitivity,보류,pending,2025,April,April - June 2025
Qudexy XR (topiramate) extended-release capsules,Hypersensitivity,보류,pending,2025,April,April - June 2025
Readi-Cat 2 (barium sulfate) oral suspension,Anaphylactic reaction,보류,pending,2025,April,April - June 2025
Readi-Cat 2 Smoothie (barium sulfate) oral suspension,Anaphylactic reaction,보류,pending,2025,April,April - June 2025
Rozlytrek (entrectinib) capsules,Brugada syndrome,보류,pending,2025,April,April - June 2025
Rybelsus (semaglutide) tablets,Intestinal obstruction and fecal impaction,보류,pending,2025,April,April - June 2025
Rytary (carbidopa and levodopa) extended-release capsules,Seizure,보류,pending,2025,April,April - June 2025
Saxenda (liraglutide) injection,Intestinal obstruction and fecal impaction,보류,pending,2025,April,April - June 2025
Sinemet (carbidopa and levodopa) tablets,Seizure,보류,pending,2025,April,April - June 2025
Sinemet CR (carbidopa and levodopa) sustained-release tablets,Seizure,보류,pending,2025,April,April - June 2025
Sodium-glucose cotransporter-2 (SGLT2) inhibitors,Fournier's gangrene,보류,pending,2025,April,April - June 2025
Soliqua 100/33 (insulin glargine and lixisenatide) injection,Intestinal obstruction and fecal impaction,보류,pending,2025,April,April - June 2025
"Stalevo (carbidopa, levodopa and entacapone) tablets",Seizure,보류,pending,2025,April,April - June 2025
Tafinlar (dabrafenib) capsules,Gingival hypertrophy,보류,pending,2025,April,April - June 2025
Taglitol V (barium sulfate) oral suspension,Anaphylactic reaction,보류,pending,2025,April,April - June 2025
Talvey (talquetamab-tgvs) injection,Progressive multifocal leukoencephalopathy,보류,pending,2025,April,April - June 2025
Tecvayli (teclistamab-cqyv) injection,Progressive multifocal leukoencephalopathy,보류,pending,2025,April,April - June 2025
Teriparatide injection (a particular generic product),Device malfunction,음성,mixed_reviewed,2025,April,April - June 2025
Topamax (topiramate) tablets,Hypersensitivity,보류,pending,2025,April,April - June 2025
Topamax Sprinkle (topiramate) capsules,Hypersensitivity,보류,pending,2025,April,April - June 2025
Trokendi XR (topiramate) extended-release capsules,Hypersensitivity,보류,pending,2025,April,April - June 2025
Trulicity (dulaglutide) injection,Intestinal obstruction and fecal impaction,보류,pending,2025,April,April - June 2025
Varibar Honey (barium sulfate) oral suspension,Anaphylactic reaction,보류,pending,2025,April,April - June 2025
Varibar Nectar (barium sulfate) oral suspension,Anaphylactic reaction,보류,pending,2025,April,April - June 2025
Varibar Pudding (barium sulfate) oral paste,Anaphylactic reaction,보류,pending,2025,April,April - June 2025
Varibar Thin Honey (barium sulfate) oral suspension,Anaphylactic reaction,보류,pending,2025,April,April - June 2025
Varibar Thin Liquid (barium sulfate) oral suspension,Anaphylactic reaction,보류,pending,2025,April,April - June 2025
Venlafaxine (venlafaxine hydrochloride) extended-release tablets,False positive radioisotope investigation test result potentially secondary to a drug interaction with venlafaxine,보류,pending,2025,April,April - June 2025
Victoza (liraglutide) injection,Intestinal obstruction and fecal impaction,보류,pending,2025,April,April - June 2025
Vizamyl (flutemetamol F18 injection),Anaphylactic reaction,양성,pure_update,2025,April,April - June 2025
Vyalev (foscarbidopa and foslevodopa) injection,Seizure,보류,pending,2025,April,April - June 2025
Wegovy (semaglutide) injection,Intestinal obstruction and fecal impaction,보류,pending,2025,April,April - June 2025
Xultophy 100/3.6 (insulin degludec and liraglutide) injection,Intestinal obstruction and fecal impaction,보류,pending,2025,April,April - June 2025
Zavzpret (zavegepant) nasal spray,Anaphylactic reaction,양성,pure_update,2025,April,April - June 2025
Zelboraf (vemurafenib) tablets,Gingival hypertrophy,보류,pending,2025,April,April - June 2025
Zepbound (tirzepatide) injection,Intestinal obstruction and fecal impaction,보류,pending,2025,April,April - June 2025
defactinib tablets),Gingival hypertrophy,보류,pending,2025,April,April - June 2025
oral pellets,Brugada syndrome,보류,pending,2025,April,April - June 2025
oral solution,Gingival hypertrophy,보류,pending,2025,April,April - June 2025
oral suspension,Nail and nail bed conditions (excluding infections and infestations),보류,pending,2025,April,April - June 2025
tablets,Gingival hypertrophy,보류,pending,2025,April,April - June 2025
tablets,Nail and nail bed conditions (excluding infections and infestations),보류,pending,2025,April,April - June 2025
Akeega (niraparib and abiraterone acetate) tablets,Vasculitis,보류,pending,2025,January,January - March 2025
ELEVIDYS (delandistrogene moxeparvovec-rokl),Hepatotoxicity-associated fatalities in non-ambulatory patients with Duchenne muscular dystrophy,양성,pure_update,2025,January,January - March 2025
Finasteride (compounded product) topical,Adverse event,양성,oldformat_reviewed,2025,January,January - March 2025
Janus kinase (JAK) inhibitors,Cerebral venous sinus thrombosis,보류,pending,2025,January,January - March 2025
Leqembi (lecanemab-irmb) injection,Amyloid related imaging abnormality-edema/effusion,보류,pending,2025,January,January - March 2025
Lybalvi (olanzapine and samidorphan) tablets,Inappropriate antidiuretic hormone secretion,보류,pending,2025,January,January - March 2025
Lynparza (olaparib) tablets,Vasculitis,보류,pending,2025,January,January - March 2025
Ocaliva (obeticholic acid) tablets,Liver disorder,보류,pending,2025,January,January - March 2025
Olanzapine-containing products,Inappropriate antidiuretic hormone secretion,보류,pending,2025,January,January - March 2025
Poly (ADP-ribose) polymerase (PARP) inhibitors,Vasculitis,보류,pending,2025,January,January - March 2025
Rilutek (riluzole) tablets,Pancreatitis acute,보류,pending,2025,January,January - March 2025
Rubraca (rucaparib) tablets,Vasculitis,보류,pending,2025,January,January - March 2025
"Suprep Bowel Pre Kit (sodium sulfate, potassium sulfate, and magnesium sulfate) oral solution",Hypersensitivity,보류,pending,2025,January,January - March 2025
Symbyax (olanzapine and fluoxetine) capsules,Inappropriate antidiuretic hormone secretion,보류,pending,2025,January,January - March 2025
Talzenna (talazoparib) capsules,Vasculitis,보류,pending,2025,January,January - March 2025
Tiglutik (riluzole) oral suspension,Pancreatitis acute,보류,pending,2025,January,January - March 2025
Vyvgart Hytrulo (efgartigimod alfa and hyaluronidase-qvfc) injection,Severe worsening of chronic inflammatory demyelinating polyradiculoneuropathy,보류,pending,2025,January,January - March 2025
Xcopri (cenobamate tablets),Drug-induced liver injury,보류,pending,2025,January,January - March 2025
Zejula (niraparib) tablets,Vasculitis,보류,pending,2025,January,January - March 2025
Zyprexa (olanzapine) tablets,Inappropriate antidiuretic hormone secretion,보류,pending,2025,January,January - March 2025
Zyprexa Intramuscular (olanzapine) injection,Inappropriate antidiuretic hormone secretion,보류,pending,2025,January,January - March 2025
Zyprexa Relprevv (olanzapine) injectable suspension,Inappropriate antidiuretic hormone secretion,보류,pending,2025,January,January - March 2025
Zyprexa Zydis (olanzapine) tablets,Inappropriate antidiuretic hormone secretion,보류,pending,2025,January,January - March 2025
"ADZYNMA (ADAMTS13, recombinant-krhn)",Neutralizing antibodies with fatal outcome,양성,pure_update,2025,July,July - September 2025
"Asceniv (immune globulin intravenous, human-slra)",Increased hypersensitivity reactions in patients receiving certain product lot,양성,pure_update,2025,July,July - September 2025
Benlysta (belimumab) injection,Severe cutaneous adverse reactions,보류,pending,2025,July,July - September 2025
Braftovi (encorafenib) capsules,Sarcoidosis,보류,pending,2025,July,July - September 2025
Cabometyx (cabozantinib) tablets,Thrombotic microangiopathy,보류,pending,2025,July,July - September 2025
Cometriq (cabozantinib) capsules,Thrombotic microangiopathy,보류,pending,2025,July,July - September 2025
Cotellic (cobimetinib) tablets,Sarcoidosis,보류,pending,2025,July,July - September 2025
ELEVIDYS (delandistrogene moxeparvovec-rokl),Mesenteric vein thrombosis following product-related acute liver injury,양성,trunc_unverified,2025,July,July - September 2025
Firmagon (degarelix for injection),Drug interaction,보류,pending,2025,July,July - September 2025
Ifex (ifosfamide) injection,"Pregnancy, puerperium and perinatal conditions",보류,pending,2025,July,July - September 2025
Lenvima (lenvatinib) capsules,Thrombotic microangiopathy,보류,pending,2025,July,July - September 2025
Mekinist (trametinib) tablets,Sarcoidosis,보류,pending,2025,July,July - September 2025
Mektovi (binimetinib) tablets,Sarcoidosis,보류,pending,2025,July,July - September 2025
Mepivacaine hydrochloride injection (a particular generic product),Wrong drug administered,보류,pending,2025,July,July - September 2025
"Myfembree (relugolix, estradiol, and norethindrone acetate) tablets",Drug interaction,보류,pending,2025,July,July - September 2025
Ogsiveo (nirogacestat) tablets,Visual impairment,보류,pending,2025,July,July - September 2025
Orgovyx (relugolix) tablets,Drug interaction,보류,pending,2025,July,July - September 2025
Orgovyx (relugolix) tablets,Hypertension,보류,pending,2025,July,July - September 2025
Rezzayo (rezafungin for injection),Hypersensitivity,양성,pure_update,2025,July,July - September 2025
Septocaine (articaine hydrochloride and epinephrine injection),Wrong drug administered,보류,pending,2025,July,July - September 2025
Tafinlar (dabrafenib) capsules,Sarcoidosis,보류,pending,2025,July,July - September 2025
Zelboraf (vemurafenib) tablet,Sarcoidosis,보류,pending,2025,July,July - September 2025
oral solution,Sarcoidosis,보류,pending,2025,July,July - September 2025
tablets,Sarcoidosis,보류,pending,2025,July,July - September 2025
"Alyglo (immune globulin intravenous, human-stwk)",Increased hypersensitivity reactions in patients receiving certain product lots,보류,pending,2025,October,October - December 2025
Bispecific T-cell engager therapies,Hypogammaglobulinemia,보류,pending,2025,October,October - December 2025
Briumvi (ublituximab-xiiy) injection,Colitis,보류,pending,2025,October,October - December 2025
Calquence (acalabrutinib) capsules,Aplastic anemia,보류,pending,2025,October,October - December 2025
Columvi (glofitamab-gxbm) injection,Hypogammaglobulinemia,보류,pending,2025,October,October - December 2025
Datroway (datopotamab deruxtecan-dlnk) for injection,"Infusion related reaction, including anaphylaxis",보류,pending,2025,October,October - December 2025
Epkinly (epcoritamab-bysp) injection,Hypogammaglobulinemia,보류,pending,2025,October,October - December 2025
Gavreto (pralsetinib) capsules,Hepatitis B reactivation,보류,pending,2025,October,October - December 2025
Gavreto (pralsetinib) capsules,Rhabdomyolysis,보류,pending,2025,October,October - December 2025
Gavreto (pralsetinib) capsules,Tuberculosis,보류,pending,2025,October,October - December 2025
Imdelltra (tarlatamab-dlle) for injection,Hypogammaglobulinemia,보류,pending,2025,October,October - December 2025
Kesimpta (ofatumumab) injection,Colitis,보류,pending,2025,October,October - December 2025
Kimmtrak (tebentafusp-tebn) injection,Hypogammaglobulinemia,보류,pending,2025,October,October - December 2025
Mavenclad (cladribine) tablets,Colitis,보류,pending,2025,October,October - December 2025
Metformin-containing products,Lactic acidosis in patients with mitochondrial disease,보류,pending,2025,October,October - December 2025
Talvey (talquetamab-tgvs) injection,Hypogammaglobulinemia,보류,pending,2025,October,October - December 2025
Vecuronium bromide injection (a particular generic product),Product label confusion,양성,pure_update,2025,October,October - December 2025
tablets,Aplastic anemia,보류,pending,2025,October,October - December 2025
Acthar Gel (repository corticotropin injection),Drug hypersensitivity,보류,pending,2026,January,January - March 2026
Beyfortus (nirsevimab-alip) injection,Immune thrombocytopenia,보류,pending,2026,January,January - March 2026
Beyfortus (nirsevimab-alip) injection,Seizure,음성,pure_noaction,2026,January,January - March 2026
Braftovi (encorafenib) capsules,Severe cutaneous adverse reaction,보류,pending,2026,January,January - March 2026
Briumvi (ublituximab-xiiy) injection,Pneumocystis jirovecii infection,음성,pure_noaction,2026,January,January - March 2026
Camcevi (leuprolide) injectable emulsion,Injection site reaction,보류,pending,2026,January,January - March 2026
Corticotrophin (sterile corticotropin zinc hydroxide suspension injection),Drug hypersensitivity,보류,pending,2026,January,January - March 2026
Depakote (divalproex sodium) delayed-release tablets,Pleural effusion,보류,pending,2026,January,January - March 2026
Depakote ER (divalproex sodium) extended-release tablets,Pleural effusion,보류,pending,2026,January,January - March 2026
Depakote Sprinkle Capsules (divalproex sodium delayed release capsules),Pleural effusion,보류,pending,2026,January,January - March 2026
Elahere (mirvetuximab soravtansine-gynx) injection,Extravasation,보류,pending,2026,January,January - March 2026
Eligard (leuprolide acetate) for injectable suspension,Injection site reaction,보류,pending,2026,January,January - March 2026
Elrexfio (elranatamab-bcmm) injection,Uveitis &nbsp,보류,pending,2026,January,January - March 2026
Elucirem (gadopiclenol) injection,Anaphylactic reaction,보류,pending,2026,January,January - March 2026
Fensolvi (leuprolide acetate) for injectable suspension,Injection site reaction,보류,pending,2026,January,January - March 2026
Gadolinium-based contrast agents&nbsp,Angioedema,보류,pending,2026,January,January - March 2026
Generic products containing valproate sodium,Pleural effusion,보류,pending,2026,January,January - March 2026
Gomekli (mirdametinib) capsules,Severe cutaneous adverse reaction,보류,pending,2026,January,January - March 2026
Gonadotropin-releasing hormone (GnRH) agonists,Injection site reaction,보류,pending,2026,January,January - March 2026
Injectafer (ferric carboxymaltose injection),Hypophosphatemia,보류,pending,2026,January,January - March 2026
Kesimpta (ofatumumab) injection,Pneumocystis jirovecii infection,음성,pure_noaction,2026,January,January - March 2026
Koselugo (selumetinib) capsules,Severe cutaneous adverse reaction,보류,pending,2026,January,January - March 2026
Leuprolide Acetate for Depot Suspension,Injection site reaction,보류,pending,2026,January,January - March 2026
Lupron (leuprolide acetate) injection,Injection site reaction,보류,pending,2026,January,January - March 2026
Lupron Depot (leuprolide acetate for depot suspension),Injection site reaction,보류,pending,2026,January,January - March 2026
Lupron Depot-Ped (leuprolide acetate for depot suspension),Injection site reaction,보류,pending,2026,January,January - March 2026
Mektovi (binimetinib) tablets,Severe cutaneous adverse reaction,보류,pending,2026,January,January - March 2026
Ocrevus (ocrelizumab) injection,Pneumocystis jirovecii infection,음성,pure_noaction,2026,January,January - March 2026
Ocrevus Zunovo (ocrelizumab and hyaluronidase-ocsq) injection,Pneumocystis jirovecii infection,음성,pure_noaction,2026,January,January - March 2026
Ojemda (tovorafenib) tablets,Severe cutaneous adverse reaction,보류,pending,2026,January,January - March 2026
Purified Cortrophin Gel (repository corticotropin injection),Drug hypersensitivity,보류,pending,2026,January,January - March 2026
Qelbree (viloxazine extended-release capsules),Seizure,보류,pending,2026,January,January - March 2026
Rinvoq (upadacitinib) extended-release tablets,Semen discoloration,보류,pending,2026,January,January - March 2026
Stavzor (valproic acid) delayed released capsules,Pleural effusion,보류,pending,2026,January,January - March 2026
Tecvayli (teclistamab-cqyv) injection,Uveitis &nbsp,보류,pending,2026,January,January - March 2026
Teflaro (ceftaroline fosamil) for injection,Severe cutaneous adverse reactions,보류,pending,2026,January,January - March 2026
Tepezza (teprotumumab-trbw) for injection,Hypertension,보류,pending,2026,January,January - March 2026
Tepezza (teprotumumab-trbw) for injection,Encephalopathy,보류,pending,2026,January,January - March 2026
Tepezza (teprotumumab-trbw) for injection,Hypersensitivity,보류,pending,2026,January,January - March 2026
Trelstar (triptorelin pamoate for injectable suspension),Injection site reaction,보류,pending,2026,January,January - March 2026
Triptodur (triptorelin) for extended-release injectable suspension,Injection site reaction,보류,pending,2026,January,January - March 2026
Vistogard (uridine triacetate) oral granules,Device occlusion,보류,pending,2026,January,January - March 2026
Xuriden (uridine triacetate) oral granules,Device occlusion,보류,pending,2026,January,January - March 2026
for oral suspension,Severe cutaneous adverse reaction,보류,pending,2026,January,January - March 2026
oral granules,Severe cutaneous adverse reaction,보류,pending,2026,January,January - March 2026
tablets,Severe cutaneous adverse reaction,보류,pending,2026,January,January - March 2026
